mol_bdID,mol_smiles,bioactivity_class,mol_IC50
51053294,COc1ccc(C(=O)O[C@H]2C[C@H]3[C@](C)(COC(C)=O)[C@@H](OC(C)=O)CC[C@]3(C)[C@H]3[C@@H](O)c4c(cc(-c5cccnc5)oc4=O)O[C@]23C)cc1,active,0.9
51068473,CC(=O)OC[C@@]1(C)[C@@H]2C[C@H](OC(=O)c3ccc(C#N)cc3)[C@@]3(C)Oc4cc(-c5cccnc5)oc(=O)c4[C@H](O)[C@@H]3[C@@]2(C)CC[C@@H]1OC(C)=O,active,0.9
51053301,CC(=O)OC[C@@]1(C)[C@@H]2C[C@H](OC(=O)c3ccc(C#N)cc3)[C@@]3(C)Oc4cc(-c5cccnc5)oc(=O)c4[C@H](O)[C@@H]3[C@@]2(C)CC[C@@H]1OC(C)=O,active,0.9
51053293,CC(=O)OC[C@@]1(C)[C@@H]2C[C@H](OC(=O)c3ccc(C)cc3)[C@@]3(C)Oc4cc(-c5cccnc5)oc(=O)c4[C@H](O)[C@@H]3[C@@]2(C)CC[C@@H]1OC(C)=O,active,0.9
51053292,CC(=O)OC[C@@]1(C)[C@@H]2C[C@H](OC(=O)c3cccc(F)c3)[C@@]3(C)Oc4cc(-c5cccnc5)oc(=O)c4[C@H](O)[C@@H]3[C@@]2(C)CC[C@@H]1OC(C)=O,active,1.0
51053291,CC(=O)OC[C@@]1(C)[C@@H]2C[C@H](OC(=O)c3ccc(Cl)cc3)[C@@]3(C)Oc4cc(-c5cccnc5)oc(=O)c4[C@H](O)[C@@H]3[C@@]2(C)CC[C@@H]1OC(C)=O,active,1.0
51053290,CCc1ccc(C(=O)O[C@H]2C[C@H]3[C@](C)(COC(C)=O)[C@@H](OC(C)=O)CC[C@]3(C)[C@H]3[C@@H](O)c4c(cc(-c5cccnc5)oc4=O)O[C@]23C)cc1,active,1.2
51053289,CC(=O)OC[C@@]1(C)[C@@H]2C[C@H](OC(=O)c3cccc(Br)c3)[C@@]3(C)Oc4cc(-c5cccnc5)oc(=O)c4[C@H](O)[C@@H]3[C@@]2(C)CC[C@@H]1OC(C)=O,active,1.7
51053288,CC(=O)OC[C@@]1(C)[C@@H]2C[C@H](OC(=O)c3ccc(F)cc3)[C@@]3(C)Oc4cc(-c5cccnc5)oc(=O)c4[C@H](O)[C@@H]3[C@@]2(C)CC[C@@H]1OC(C)=O,active,2.0
51053287,CC(=O)OC[C@@]1(C)[C@@H]2C[C@H](OC(=O)c3ccc(Br)cc3)[C@@]3(C)Oc4cc(-c5cccnc5)oc(=O)c4[C@H](O)[C@@H]3[C@@]2(C)CC[C@@H]1OC(C)=O,active,2.7
51053286,CSc1ccc(C(=O)O[C@H]2C[C@H]3[C@](C)(COC(C)=O)[C@@H](OC(C)=O)CC[C@]3(C)[C@H]3[C@@H](O)c4c(cc(-c5cccnc5)oc4=O)O[C@]23C)cc1,active,4.0
51053281,CC(=O)OC[C@@]1(C)[C@@H]2C[C@H](OC(=O)c3ccc(I)cc3)[C@@]3(C)Oc4cc(-c5cccnc5)oc(=O)c4[C@H](O)[C@@H]3[C@@]2(C)CC[C@@H]1OC(C)=O,active,5.0
51053280,CC(=O)OC[C@@]1(C)[C@@H]2C[C@H](OC(=O)c3ccccc3I)[C@@]3(C)Oc4cc(-c5cccnc5)oc(=O)c4[C@H](O)[C@@H]3[C@@]2(C)CC[C@@H]1OC(C)=O,active,5.0
51053282,CC(=O)OC[C@@]1(C)[C@@H]2C[C@H](OC(=O)c3ccc(N=[N+]=[N-])cc3)[C@@]3(C)Oc4cc(-c5cccnc5)oc(=O)c4[C@H](O)[C@@H]3[C@@]2(C)CC[C@@H]1OC(C)=O,active,5.0
51053267,CC(=O)OC[C@@]1(C)[C@@H]2C[C@H](OC(=O)c3cccc(I)c3)[C@@]3(C)Oc4cc(-c5cccnc5)oc(=O)c4[C@H](O)[C@@H]3[C@@]2(C)CC[C@@H]1OC(C)=O,active,5.0
51053283,CC(=O)OC[C@@]1(C)[C@@H]2C[C@H](OC(=O)c3ccc(Br)c(F)c3)[C@@]3(C)Oc4cc(-c5cccnc5)oc(=O)c4[C@H](O)[C@@H]3[C@@]2(C)CC[C@@H]1OC(C)=O,active,5.0
51053284,CC(=O)OC[C@@]1(C)[C@@H]2C[C@H](OC(=O)c3cccc(C)c3)[C@@]3(C)Oc4cc(-c5cccnc5)oc(=O)c4[C@H](O)[C@@H]3[C@@]2(C)CC[C@@H]1OC(C)=O,active,5.0
51053285,C=Cc1ccc(C(=O)O[C@H]2C[C@H]3[C@](C)(COC(C)=O)[C@@H](OC(C)=O)CC[C@]3(C)[C@H]3[C@@H](O)c4c(cc(-c5cccnc5)oc4=O)O[C@]23C)cc1,active,5.0
51061808,CC(=O)OC[C@@]1(C)[C@@H]2C[C@H](OC(=O)c3ccc([N+](=O)[O-])cc3)[C@@]3(C)Oc4cc(-c5cccnc5)oc(=O)c4[C@H](O)[C@@H]3[C@@]2(C)CC[C@@H]1OC(C)=O,active,5.6
51053266,CCC(=O)OC[C@@]1(C)[C@@H]2C[C@H](OC(=O)c3ccc(C#N)cc3)[C@@]3(C)Oc4cc(-c5cccnc5)oc(=O)c4[C@H](O)[C@@H]3[C@@]2(C)CC[C@@H]1OC(=O)CC,active,6.0
51068431,CC(=O)OC[C@@]1(C)[C@@H]2C[C@H](OC(=O)c3ccc([N+](=O)[O-])c(F)c3)[C@@]3(C)Oc4cc(-c5cccnc5)oc(=O)c4[C@H](O)[C@@H]3[C@@]2(C)CC[C@@H]1OC(C)=O,active,6.0
51053265,C[C@@]12CO[C@@H](c3ccccc3)O[C@H]1CC[C@@]1(C)[C@H]2C[C@H](OC(=O)c2ccc(C#N)cc2)[C@@]2(C)Oc3cc(-c4cccnc4)oc(=O)c3[C@H](O)[C@H]12,active,6.1
51053264,COc1ccc(C(=O)O[C@H]2C[C@H]3[C@](C)(COC(C)=O)[C@@H](OC(C)=O)CC[C@]3(C)[C@H]3[C@@H](O)c4c(cc(-c5cccnc5)oc4=O)O[C@]23C)cc1F,active,6.3
51061807,CC(=O)OC[C@@]1(C)[C@@H]2C[C@H](OC(=O)c3ccc(C)c(F)c3)[C@@]3(C)Oc4cc(-c5cccnc5)oc(=O)c4[C@H](O)[C@@H]3[C@@]2(C)CC[C@@H]1OC(C)=O,active,6.5
51068462,CC(C)C(=O)OC[C@@]1(C)[C@@H]2C[C@H](OC(=O)c3ccc(C#N)cc3)[C@@]3(C)Oc4cc(-c5cccnc5)oc(=O)c4[C@H](O)[C@@H]3[C@@]2(C)CC[C@@H]1OC(=O)C(C)C,active,6.6
51068463,Cc1ccc([C@@H]2OC[C@@]3(C)[C@@H]4C[C@H](OC(=O)c5ccc(C#N)cc5)[C@@]5(C)Oc6cc(-c7cccnc7)oc(=O)c6[C@H](O)[C@@H]5[C@@]4(C)CC[C@@H]3O2)c(C)c1,active,6.8
51053279,C[C@@]12CO[C@@H](c3ccccc3F)O[C@H]1CC[C@@]1(C)[C@H]2C[C@H](OC(=O)c2ccc(C#N)cc2)[C@@]2(C)Oc3cc(-c4cccnc4)oc(=O)c3[C@H](O)[C@H]12,active,7.0
51068430,CC(=O)OC[C@@]1(C)[C@@H]2C[C@H](OC(=O)c3cccc(Cl)c3)[C@@]3(C)Oc4cc(-c5cccnc5)oc(=O)c4[C@H](O)[C@@H]3[C@@]2(C)CC[C@@H]1OC(C)=O,active,7.0
51053263,C[C@@]12CO[C@@H](c3ccccc3)O[C@H]1CC[C@@]1(C)[C@H]2C[C@H](OC(=O)c2ccc(F)cc2)[C@@]2(C)Oc3cc(-c4cccnc4)oc(=O)c3[C@H](O)[C@H]12,active,7.0
51068461,CC(=O)OC[C@@]1(C)[C@@H]2C[C@H](OC(=O)c3ccc(Br)cc3F)[C@@]3(C)Oc4cc(-c5cccnc5)oc(=O)c4[C@H](O)[C@@H]3[C@@]2(C)CC[C@@H]1OC(C)=O,active,7.2
51068468,Cc1cccc(C)c1[C@@H]1OC[C@@]2(C)[C@@H]3C[C@H](OC(=O)c4ccc(C#N)cc4)[C@@]4(C)Oc5cc(-c6cccnc6)oc(=O)c5[C@H](O)[C@@H]4[C@@]3(C)CC[C@@H]2O1,active,7.8
51053262,Cc1cccc([C@@H]2OC[C@@]3(C)[C@@H]4C[C@H](OC(=O)c5ccc(C#N)cc5)[C@@]5(C)Oc6cc(-c7cccnc7)oc(=O)c6[C@H](O)[C@@H]5[C@@]4(C)CC[C@@H]3O2)c1,active,7.8
51053261,CC(=O)OC[C@@]1(C)[C@@H]2C[C@H](OC(=O)c3ccc(C#N)c(F)c3)[C@@]3(C)Oc4cc(-c5cccnc5)oc(=O)c4[C@H](O)[C@@H]3[C@@]2(C)CC[C@@H]1OC(C)=O,active,8.1
51053278,CC(=O)OC[C@@]1(C)[C@@H]2C[C@H](OC(=O)c3ccc(F)c(F)c3F)[C@@]3(C)Oc4cc(-c5cccnc5)oc(=O)c4[C@H](O)[C@@H]3[C@@]2(C)CC[C@@H]1OC(C)=O,active,9.0
51068429,CSc1cccc(C(=O)O[C@H]2C[C@H]3[C@](C)(COC(C)=O)[C@@H](OC(C)=O)CC[C@]3(C)[C@H]3[C@@H](O)c4c(cc(-c5cccnc5)oc4=O)O[C@]23C)c1,active,9.0
51053302,C[C@@]12CO[C@@H](c3ccccc3)O[C@H]1CC[C@@]1(C)[C@H]2C[C@H](OC(=O)c2ccc(Cl)cc2)[C@@]2(C)Oc3cc(-c4cccnc4)oc(=O)c3[C@H](O)[C@H]12,active,9.5
51061806,CC(=O)OC[C@@]1(C)[C@@H]2C[C@H](OC(=O)c3ccc(-c4ccccc4)cc3)[C@@]3(C)Oc4cc(-c5cccnc5)oc(=O)c4[C@H](O)[C@@H]3[C@@]2(C)CC[C@@H]1OC(C)=O,active,9.6
51068466,CC(=O)OC[C@@]1(C)[C@@H]2C[C@H](OC(=O)c3ccc(C#N)cc3)[C@@]3(C)Oc4cc(-c5cccnc5)oc(=O)c4[C@H](O)[C@@H]3[C@@]2(C)CC[C@@H]1OC(=O)c1ccccc1,active,9.7
51053303,Cc1ccc([C@@H]2OC[C@@]3(C)[C@@H]4C[C@H](OC(=O)c5ccc(C#N)cc5)[C@@]5(C)Oc6cc(-c7cccnc7)oc(=O)c6[C@H](O)[C@@H]5[C@@]4(C)CC[C@@H]3O2)cc1,active,10.0
51068469,CC(=O)OC[C@@]1(C)[C@@H]2C[C@H](OC(=O)c3ccccc3)[C@@]3(C)Oc4cc(-c5cccnc5)oc(=O)c4[C@H](O)[C@@H]3[C@@]2(C)CC[C@@H]1OC(C)=O,active,10.0
51128151,CCCCC(=O)O[C@H]1C[C@H]2[C@]3(C)CO[C@@H](c4ccccc4C)O[C@H]3CC[C@]2(C)[C@H]2[C@@H](O)c3c(cc(-c4cccnc4)oc3=O)O[C@]12C,active,10.0
51061805,CCCCCCCN(CCCCCSc1nc(-c2ccccc2)c(-c2ccccc2)[nH]1)C(=O)Nc1ccc(F)cc1F,active,10.0
51053276,CCC(=O)O[C@H]1CC[C@@]2(C)[C@@H](C[C@H](OC(=O)c3ccc(C#N)cc3)[C@@]3(C)Oc4cc(-c5cccnc5)oc(=O)c4[C@H](O)[C@H]23)[C@]1(C)COC(C)=O,active,10.0
51053277,CC(=O)OC[C@@]1(C)[C@@H]2C[C@H](OC(=O)c3ccccc3C)[C@@]3(C)Oc4cc(-c5cccnc5)oc(=O)c4[C@H](O)[C@@H]3[C@@]2(C)CC[C@@H]1OC(C)=O,active,10.0
51068428,CC(=O)OC[C@@]1(C)[C@@H]2C[C@H](OC(=O)c3cccc(C#N)c3)[C@@]3(C)Oc4cc(-c5cccnc5)oc(=O)c4[C@H](O)[C@@H]3[C@@]2(C)CC[C@@H]1OC(C)=O,active,10.0
51053275,C[C@@]12CO[C@@H](c3ccccc3)O[C@H]1CC[C@@]1(C)[C@H]2C[C@H](OC(=O)c2ccc(Br)cc2)[C@@]2(C)Oc3cc(-c4cccnc4)oc(=O)c3[C@H](O)[C@H]12,active,11.0
51068414,C=Cc1cccc(C(=O)O[C@H]2C[C@H]3[C@](C)(COC(C)=O)[C@@H](OC(C)=O)CC[C@]3(C)[C@H]3[C@@H](O)c4c(cc(-c5cccnc5)oc4=O)O[C@]23C)c1,active,12.0
765843,Cc1ccccc1[C@@H]1OC[C@@]2(C)[C@@H]3C[C@H](OC(=O)c4ccc(C#N)cc4)[C@@]4(C)Oc5cc(-c6cccnc6)oc(=O)c5[C@H](O)[C@@H]4[C@@]3(C)CC[C@@H]2O1,active,12.0
51068427,CC(O)(COC(=O)c1ccc(C#N)cc1)[C@@H]1C[C@H](OC(=O)c2ccc(C#N)cc2)[C@@]2(C)Oc3cc(-c4cccnc4)oc(=O)c3C(=O)[C@@H]2C1,active,13.0
51068426,C[C@@]12CO[C@@H](c3ccccc3)O[C@H]1CC[C@@]1(C)[C@H]2C[C@H](OC(=O)c2cccc(F)c2)[C@@]2(C)Oc3cc(-c4cccnc4)oc(=O)c3[C@H](O)[C@H]12,active,14.0
51061804,COc1ccc(C(=O)O[C@H]2C[C@H]3[C@]4(C)CO[C@@H](c5ccccc5)O[C@H]4CC[C@]3(C)[C@H]3[C@@H](O)c4c(cc(-c5cccnc5)oc4=O)O[C@]23C)cc1,active,14.0
51068465,CCC(=O)OC[C@@]1(C)[C@@H]2C[C@H](OC(=O)c3ccc(C#N)cc3)[C@@]3(C)Oc4cc(-c5cccnc5)oc(=O)c4[C@H](O)[C@@H]3[C@@]2(C)CC[C@@H]1OC(C)=O,active,15.0
51061803,Cc1ccc([C@@H]2OC[C@@]3(C)[C@@H]4C[C@H](OC(=O)c5ccc(F)cc5)[C@@]5(C)Oc6cc(-c7cccnc7)oc(=O)c6[C@H](O)[C@@H]5[C@@]4(C)CC[C@@H]3O2)cc1,active,15.0
51053274,CC(=O)OC[C@@]1(C)[C@@H]2C[C@H](OC(=O)c3ccc(C#N)cc3)[C@@]3(C)Oc4cc(-c5cccnc5)oc(=O)c4[C@H](O)[C@@H]3[C@@]2(C)CC[C@@H]1OC(=O)C(C)C,active,15.0
51053300,COc1cccc(C(=O)O[C@H]2C[C@H]3[C@](C)(COC(C)=O)[C@@H](OC(C)=O)CC[C@]3(C)[C@H]3[C@@H](O)c4c(cc(-c5cccnc5)oc4=O)O[C@]23C)c1,active,19.0
51068425,CC(=O)OC[C@@]1(C)[C@@H]2C[C@H](OC(=O)c3ccc4ccccc4c3)[C@@]3(C)Oc4cc(-c5cccnc5)oc(=O)c4[C@H](O)[C@@H]3[C@@]2(C)CC[C@@H]1OC(C)=O,active,19.0
51053299,C[C@@]12CO[C@@H](c3ccccc3)O[C@H]1CC[C@@]1(C)[C@H]2C[C@H](OC(=O)c2cccc(Cl)c2)[C@@]2(C)Oc3cc(-c4cccnc4)oc(=O)c3[C@H](O)[C@H]12,active,20.0
51068471,CC(=O)OC[C@@]1(C)[C@@H]2C[C@H](OC(=O)c3ccc4c(c3)OC(F)(F)O4)[C@@]3(C)Oc4cc(-c5cccnc5)oc(=O)c4[C@H](O)[C@@H]3[C@@]2(C)CC[C@@H]1OC(C)=O,active,20.0
765829,CCCCC(=O)O[C@H]1C[C@H]2[C@]3(C)CO[C@@H](c4ccccc4)O[C@H]3CC[C@]2(C)[C@H]2[C@@H](O)c3c(cc(-c4cccnc4)oc3=O)O[C@]12C,active,23.0
51068460,CC(O)(COC(=O)c1ccc(C#N)cc1)[C@@H]1C[C@H](OC(=O)c2ccc(C#N)cc2)[C@@]2(C)Oc3cc(-c4cccnc4)oc(=O)c3C(=O)[C@@H]2C1,active,23.0
51068413,C[C@@]12CO[C@@H](c3cccc4ccccc34)O[C@H]1CC[C@@]1(C)[C@H]2C[C@H](OC(=O)c2ccc(C#N)cc2)[C@@]2(C)Oc3cc(-c4cccnc4)oc(=O)c3[C@H](O)[C@H]12,active,23.0
51068422,Cc1ccccc1[C@@H]1OC[C@@]2(C)[C@@H]3C[C@H](OC(=O)c4ccc(F)cc4)[C@@]4(C)Oc5cc(-c6cccnc6)oc(=O)c5[C@H](O)[C@@H]4[C@@]3(C)CC[C@@H]2O1,active,30.0
51053273,C[C@@]12CO[C@@H](c3ccccc3)O[C@H]1CC[C@@]1(C)[C@H]2C[C@H](OC(=O)c2ccc(C=O)cc2)[C@@]2(C)Oc3cc(-c4cccnc4)oc(=O)c3[C@H](O)[C@H]12,active,30.0
51068424,CC(=O)OC[C@@]1(C)[C@@H]2C[C@H](OC(=O)c3ccccc3F)[C@@]3(C)Oc4cc(-c5cccnc5)oc(=O)c4[C@H](O)[C@@H]3[C@@]2(C)CC[C@@H]1OC(C)=O,active,30.0
51068423,C[C@@]12CO[C@@H](c3ccccc3)O[C@H]1CC[C@@]1(C)[C@H]2C[C@H](OC(=O)c2cccc(C#N)c2)[C@@]2(C)Oc3cc(-c4cccnc4)oc(=O)c3[C@H](O)[C@H]12,active,30.0
51068464,C[C@@]12CO[C@@H](c3ccccc3)O[C@H]1CC[C@@]1(C)[C@H]2C[C@H](OC(=O)c2cccc(Br)c2)[C@@]2(C)Oc3cc(-c4cccnc4)oc(=O)c3[C@H](O)[C@H]12,active,37.0
51053260,COc1ccccc1[C@@H]1OC[C@@]2(C)[C@@H]3C[C@H](OC(=O)c4ccc(C#N)cc4)[C@@]4(C)Oc5cc(-c6cccnc6)oc(=O)c5[C@H](O)[C@@H]4[C@@]3(C)CC[C@@H]2O1,active,39.0
51053297,CC(=O)OC[C@@]1(C)[C@@H]2C[C@H](OC(=O)c3ccc(Cl)cc3I)[C@@]3(C)Oc4cc(-c5cccnc5)oc(=O)c4[C@H](O)[C@@H]3[C@@]2(C)CC[C@@H]1OC(C)=O,active,40.0
51061802,CC(=O)OC[C@@]1(C)[C@@H]2C[C@H](OC(=O)c3cc4ccccc4s3)[C@@]3(C)Oc4cc(-c5cccnc5)oc(=O)c4[C@H](O)[C@@H]3[C@@]2(C)CC[C@@H]1OC(C)=O,active,42.0
51068467,CC(=O)O[C@H]1CC[C@@]2(C)[C@@H](C[C@H](OC(=O)c3ccc(C#N)cc3)[C@@]3(C)Oc4cc(-c5cccnc5)oc(=O)c4[C@H](O)[C@H]23)[C@]1(C)COC(=O)C(C)C,active,48.0
51068421,Cc1cccc([C@@H]2OC[C@@]3(C)[C@@H]4C[C@H](OC(=O)c5ccc(F)cc5)[C@@]5(C)Oc6cc(-c7cccnc7)oc(=O)c6[C@H](O)[C@@H]5[C@@]4(C)CC[C@@H]3O2)c1,active,50.0
765847,C[C@@]12CO[C@@H](c3ccccc3)O[C@H]1CC[C@@]1(C)[C@H]2C[C@H](OC(=O)c2ccccc2F)[C@@]2(C)Oc3cc(-c4cccnc4)oc(=O)c3[C@H](O)[C@H]12,active,55.0
51053272,CC(=O)OC[C@](C)(OC(C)=O)[C@@H]1C[C@@H]2[C@@H](O)c3c(cc(-c4cccnc4)oc3=O)O[C@@]2(C)[C@H](OC(C)=O)C1,active,60.0
51068420,CC(=O)OC[C@@]1(C)[C@@H]2C[C@H](OC(=O)c3ccccc3Cl)[C@@]3(C)Oc4cc(-c5cccnc5)oc(=O)c4[C@H](O)[C@@H]3[C@@]2(C)CC[C@@H]1OC(C)=O,active,60.0
765841,C[C@@]12CO[C@@H](c3ccccc3)O[C@H]1CC[C@@]1(C)[C@H]2C[C@H](OC(=O)c2ccc([N+](=O)[O-])cc2)[C@@]2(C)Oc3cc(-c4cccnc4)oc(=O)c3[C@H](O)[C@H]12,active,61.0
765836,CC(=O)OCC(C)(OC(C)=O)[C@@H]1C[C@H](OC(=O)c2ccc(C#N)cc2)[C@@]2(C)Oc3cc(-c4cccnc4)oc(=O)c3[C@@H](OC(C)=O)[C@@H]2C1,active,69.0
51068419,CC(=O)OC[C@](C)(O)[C@H]1C[C@@H](O)[C@]2(C)Oc3cc(-c4cccnc4)oc(=O)c3[C@@H](O)[C@H]2C1,active,70.0
51068418,COc1cccc(C(=O)O[C@H]2C[C@H]3[C@]4(C)CO[C@@H](c5ccccc5)O[C@H]4CC[C@]3(C)[C@H]3[C@@H](O)c4c(cc(-c5cccnc5)oc4=O)O[C@]23C)c1,active,70.0
51053296,CC(=O)OCC1(C)C(OC(C)=O)CCC2(C)C3C(=O)C4=C(CC(c5cccnc5)OC4=O)OC3(C)C(OC(C)=O)=CC12,active,70.0
51061801,CC(=O)OCC1(C)C(OC(C)=O)CCC2(C)C3C(=O)C4=C(CC(c5cccnc5)OC4=O)OC3(C)C(OC(C)=O)=CC12,active,75.0
765833,CC(=O)O[C@H]1CC[C@@]2(C)[C@@H](C[C@H](OC(C)=O)[C@@]3(C)Oc4cc(-c5cccnc5)oc(=O)c4[C@H](O)[C@H]23)[C@]1(C)COC(=O)C(C)C,active,78.0
765837,CC(=O)OC[C@](C)(OC(C)=O)[C@@H]1C[C@@H]2[C@@H](O)c3c(cc(-c4cccnc4)oc3=O)O[C@@]2(C)[C@H](OC(C)=O)C1,active,81.0
765828,CC(=O)OC[C@](C)(O)[C@H]1C[C@@H](O)[C@]2(C)Oc3cc(-c4cccnc4)oc(=O)c3[C@H](O)[C@H]2C1,active,86.0
765834,CC(=O)OCC(C)(OC(C)=O)[C@@H]1C[C@H](OC(=O)c2ccc(C#N)cc2)[C@@]2(C)Oc3cc(-c4cccnc4)oc(=O)c3[C@@H](OC(C)=O)[C@@H]2C1,active,86.0
765849,CC(=O)OC[C@](C)(OC(C)=O)[C@H]1C[C@@H](OC(C)=O)[C@]2(C)Oc3cc(-c4cccnc4)oc(=O)c3[C@@H](O)[C@@H]2C1,active,90.0
765830,CC(=O)OC[C@](C)(OC(C)=O)[C@H]1C[C@@H](OC(C)=O)[C@]2(C)Oc3cc(-c4cccnc4)oc(=O)c3[C@@H](O)[C@@H]2C1,active,103.0
330432,CC(O)(COC(=O)c1ccc(C#N)cc1)[C@@H]1C[C@H](O)[C@@]2(C)Oc3cc(-c4cccnc4)oc(=O)c3C(=O)[C@@H]2C1,active,110.0
51068417,CCCCCCCCCCCCS[C@H](C(=O)Nc1cc(C)c(O)c(C)c1C)c1ccccc1,active,110.0
765845,C[C@@]12CO[C@@H](c3ccccc3)O[C@H]1CC[C@@]1(C)[C@H]2C[C@H](OC(=O)c2ccccc2Cl)[C@@]2(C)Oc3cc(-c4cccnc4)oc(=O)c3[C@H](O)[C@H]12,active,129.0
51061800,CC(O)(COC(=O)c1ccc(C#N)cc1)[C@@H]1C[C@H](O)[C@@]2(C)Oc3cc(-c4cccnc4)oc(=O)c3C(=O)[C@@H]2C1,active,140.0
765839,COc1ccc(CNC(=O)[C@]2(C)[C@@H](OC(C)=O)CC[C@]3(C)[C@H]4[C@@H](O)c5c(cc(-c6cccnc6)oc5=O)O[C@]4(C)[C@@H](OC(=O)c4ccc(C#N)cc4)C[C@H]32)c(OC)c1,active,147.0
765827,CC(=O)OCC(C)(OC(C)=O)[C@@H]1C[C@H](OC(C)=O)[C@@]2(C)Oc3cc(-c4cccnc4)oc(=O)c3[C@@H](O)[C@@H]2C1,active,152.0
50357582,CC(=O)OCC(C)(OC(C)=O)[C@@H]1C[C@H](OC(C)=O)[C@@]2(C)Oc3cc(-c4cccnc4)oc(=O)c3[C@@H](O)[C@@H]2C1,active,170.0
50270329,CCCCCCCC/C=C\CCCCCCCC(=O)Nc1ccccc1,active,170.0
765826,CCCCCCCC/C=C\CCCCCCCC(=O)Nc1ccccc1,active,179.0
51053271,CC(=O)OCC1(C)C(OC(C)=O)CCC2(C)C1CC(OC(C)=O)C1(C)Oc3cc(-c4cccnc4)oc(=O)c3C(O)C21,active,200.0
51053270,CC(=O)OC[C@@]1(C)[C@@H]2C[C@H](OC(=O)c3ccc(N)cc3)[C@@]3(C)Oc4cc(-c5cccnc5)oc(=O)c4[C@H](O)[C@@H]3[C@@]2(C)CC[C@@H]1OC(C)=O,active,230.0
765832,COc1ccccc1C(=O)O[C@H]1C[C@H]2[C@](C)(COC(C)=O)[C@@H](OC(C)=O)CC[C@]2(C)[C@H]2[C@@H](O)c3c(cc(-c4cccnc4)oc3=O)O[C@]12C,active,245.0
51053298,CC(=O)OCC(C)(OC(C)=O)[C@@H]1C[C@H](OC(C)=O)[C@@]2(C)Oc3cc(-c4cccnc4)oc(=O)c3[C@H](O)[C@@H]2C1,active,270.0
51053268,CC(=O)OC[C@@]1(C)[C@@H]2C[C@H](OC(=O)c3cccc4ccccc34)[C@@]3(C)Oc4cc(-c5cccnc5)oc(=O)c4[C@H](O)[C@@H]3[C@@]2(C)CC[C@@H]1OC(C)=O,active,270.0
330433,CC(=O)OC[C@@]1(C)[C@@H]2C[C@H](OC(=O)c3ccc(O)cc3)[C@@]3(C)Oc4cc(-c5cccnc5)oc(=O)c4[C@H](O)[C@@H]3[C@@]2(C)CC[C@@H]1OC(C)=O,active,275.0
51053269,CC(C)c1cccc(C(C)C)c1NC(=O)CC(=O)C(Cc1ccccc1)Cc1ccccc1,active,290.0
51068416,CC(=O)OC[C@@]1(C)[C@@H]2C[C@H](OC(=O)c3ccccc3C#N)[C@@]3(C)Oc4cc(-c5cccnc5)oc(=O)c4[C@H](O)[C@@H]3[C@@]2(C)CC[C@@H]1OC(C)=O,active,320.0
51068415,C[C@@]12CO[C@@H](c3ccccc3)O[C@H]1CC[C@@]1(C)[C@H]2C[C@H](OC(=O)c2ccccc2C#N)[C@@]2(C)Oc3cc(-c4cccnc4)oc(=O)c3[C@H](O)[C@H]12,active,320.0
765835,COc1ccccc1C(=O)O[C@H]1C[C@H]2[C@]3(C)CO[C@@H](c4ccccc4)O[C@H]3CC[C@]2(C)[C@H]2[C@@H](O)c3c(cc(-c4cccnc4)oc3=O)O[C@]12C,active,433.0
51061798,CC(=O)OC[C@](C)(OC(C)=O)[C@@H]1C[C@@H]2[C@H](O)c3c(cc(-c4cccnc4)oc3=O)O[C@@]2(C)[C@H](OC(C)=O)C1,active,500.0
330435,CC(=O)OC[C@@]1(C)[C@@H]2C[C@H](OC(C)=O)[C@@]3(C)Oc4cc(-c5cccnc5)oc(=O)c4[C@H](O)[C@@H]3[C@@]2(C)CC[C@@H]1OC(=O)c1ccccc1,active,530.0
330436,CC(C)c1cccc(C(C)C)c1NC(=O)CC(=O)C(Cc1ccccc1)Cc1ccc(OC(=O)CCCCCCN2CCCCCC2=O)cc1,active,600.0
51061797,CC(C)c1cccc(C(C)C)c1NC(=O)CC(=O)C(Cc1ccccc1)Cc1ccc(OC(=O)CN2CCCCCC2=O)cc1,active,619.0
50290219,CC(=O)O[C@H]1CC[C@@]2(C)[C@@H](C[C@H](OC(=O)c3ccc(C#N)cc3)[C@@]3(C)Oc4cc(-c5cccnc5)oc(=O)c4[C@H](O)[C@H]23)[C@]1(C)COC(=O)c1ccccc1,active,640.0
51061796,CC(=O)OCC1(C)C(OC(C)=O)CCC2(C)C3C(=O)C4=C(CC(c5cccnc5)OC4=O)OC3(C)C(OC(C)=O)=CC12,active,650.0
51061795,COC(=O)[C@]1(C)[C@@H](OC(C)=O)CC[C@]2(C)[C@H]3[C@@H](O)c4c(cc(-c5cccnc5)oc4=O)O[C@]3(C)[C@@H](OC(=O)c3ccc(C#N)cc3)C[C@H]21,active,670.0
51061794,CCCCCC(=O)OC[C@@]1(C)[C@@H]2C[C@H](OC(=O)c3ccc(C#N)cc3)[C@@]3(C)Oc4cc(-c5cccnc5)oc(=O)c4[C@H](O)[C@@H]3[C@@]2(C)CC[C@@H]1OC(=O)CCCCC,active,760.0
51061815,C[C@]1(COC(=O)c2ccccc2)[C@@H]2C[C@H](OC(=O)c3ccc(C#N)cc3)[C@@]3(C)Oc4cc(-c5cccnc5)oc(=O)c4[C@H](O)[C@@H]3[C@@]2(C)CC[C@@H]1OC(=O)c1ccccc1,active,772.0
50367880,CCC(=O)OC[C@@]1(C)[C@@H]2C[C@H](OC(C)=O)[C@@]3(C)Oc4cc(-c5cccnc5)oc(=O)c4[C@H](O)[C@@H]3[C@@]2(C)CC[C@@H]1OC(C)=O,active,800.0
765831,CC(C)=CC=C(OC(=O)CC(C)C)c1cc(O)c2c(O)ccc(O)c2c1O,active,831.0
51125428,CC(=O)OCC(C)(OC(C)=O)[C@@H]1C[C@H](OC(C)=O)[C@@]2(C)Oc3cc(-c4cccnc4)oc(=O)c3[C@@H](O)[C@@H]2C1,active,860.0
51061814,CCC(=O)[C@H](C[C@H](C)C(Cl)(Cl)Cl)NC(=O)[C@H](C[C@H](C)C(Cl)(Cl)Cl)N(C)C,active,890.0
51061813,CC(=O)O[C@H]1CC[C@@]2(C)[C@@H](C[C@H](OC(C)=O)[C@@]3(C)Oc4cc(-c5cccnc5)oc(=O)c4[C@H](O)[C@H]23)[C@]1(C)COC(=O)c1ccccc1,active,897.0
51061811,CCC(=O)O[C@H]1CC[C@@]2(C)[C@@H](C[C@H](OC(C)=O)[C@@]3(C)Oc4cc(-c5cccnc5)oc(=O)c4[C@H](O)[C@H]23)[C@]1(C)COC(C)=O,intermediate,1010.0
50088730,CCCNC(=O)[C@]1(C)[C@@H](OC(C)=O)CC[C@]2(C)[C@H]3[C@@H](O)c4c(cc(-c5cccnc5)oc4=O)O[C@]3(C)[C@@H](OC(=O)c3ccc(C#N)cc3)C[C@H]21,intermediate,1100.0
51061810,Cc1cc(C(=O)Nc2ccccc2)c2ccc(-c3ccc([C@H]4CC[C@H](CC(=O)O)CC4)cc3)cc2n1,intermediate,1220.0
51105753,CC(=O)OC[C@@]1(C)[C@@H]2C[C@H](OC(C)=O)[C@@]3(C)Oc4cc(-c5cccnc5)oc(=O)c4[C@H](O)[C@@H]3[C@@]2(C)CC[C@@H]1OC(=O)C(C)C,intermediate,1300.0
330434,CCCC(=O)N(C)[C@H](C(=O)N1CCC[C@H]1C(=O)N(C)[C@@H](Cc1ccccc1)C(=O)N[C@@H](CC(C)C)C(=O)N(C)[C@H](C(=O)N(C)Cc1nccs1)C(C)C)C(C)C,intermediate,1500.0
50533665,CC(C)c1cccc(C(C)C)c1NC(=O)CC(=O)C(Cc1ccccc1)Cc1ccc(O)cc1,intermediate,1500.0
51105756,CCC[C@@H]1C/C(=N/OCc2ccccc2)C[C@@]2(O1)C(=O)Nc1ccccc12,intermediate,1500.0
50088731,COc1c([C@H](CC(C)C)OC(C)=O)ccc2c1C(=O)OCc1cc(C)cc(O)c1O2,intermediate,1555.0
50329415,Cc1cc(C(=O)Nc2ccccc2)c2ccc(-c3ccc(OCC(C)(C)C(=O)O)nc3)cc2n1,intermediate,1740.0
50880965,CCCCCCCN(CCCCCNc1cc(-c2ccccc2)c(-c2ccccc2)nn1)C(=O)Nc1ccc(F)cc1F,intermediate,1740.0
51105764,O=C(NCCCCCCSc1nc(-c2ccccc2)c(-c2ccccc2)[nH]1)Nc1ccc(F)cc1F,intermediate,1800.0
50106398,COc1c([C@H](CC(C)C)OC(C)=O)ccc2c1C(=O)OCc1cc(C)cc(O)c1O2,intermediate,2000.0
50329416,C[C@@H]1CN(C(=O)Nc2ccccc2)c2ccc(-c3ccc([C@H]4CC[C@H](CC(=O)O)CC4)cc3)cc2O1,intermediate,2070.0
51125424,CCCCCCCN(CCCCCNc1ccc(-c2ccccc2)nn1)C(=O)Nc1ccc(F)cc1F,intermediate,2400.0
50622463,CCC(=O)[C@H](C[C@H](C)C(Cl)(Cl)Cl)NC(=O)/C=C/[C@H](C)C(Cl)(Cl)Cl,intermediate,2400.0
51105765,C=C[C@@H]1C[C@]1(NC(=O)[C@@H]1C[C@@H](Oc2cc(-c3csc(NC(=O)C(C)C)n3)nc3c(Br)c(OC)ccc23)CN1C(=O)[C@@H](NC(=O)OC1CCCC1)C(C)(C)C)C(=O)O,intermediate,2500.0
51125420,CCCC(=O)N(C)[C@H](C(=O)N1CCC[C@H]1C(=O)N(C)[C@@H](Cc1ccccc1)C(=O)N[C@@H](CC(C)C)C(=O)N[C@H](C(=O)N(C)Cc1nccs1)C(C)C)C(C)C,intermediate,2800.0
50088728,CCC(=O)[C@H](C[C@H](C)C(Cl)(Cl)Cl)NC(=O)[C@H](C[C@H](C)C(Cl)(Cl)Cl)N(C)C,intermediate,3000.0
51068070,O=C(O)C[C@H]1CC[C@H](c2ccc(-c3ccc4c(ccn4C(=O)Nc4ccccc4)c3)cc2)CC1,intermediate,3000.0
50106529,CCCCCCCCN1CCc2c(C)c(CC(=O)O)c(C)c(NC(=O)C(C)(C)C)c21,intermediate,3000.0
50533661,O=C(O)C[C@H]1CC[C@H](c2ccc(-c3ccc4c(ccn4C(=O)Nc4ccccc4)c3)cc2)CC1,intermediate,3000.0
51061834,CCC[C@@H]1CC(=NOCc2ccccc2)C[C@@]2(O1)C(=O)Nc1ccccc12,intermediate,3090.0
51125431,CCOC(=O)CNC(=O)[C@]1(C)[C@@H](OC(C)=O)CC[C@]2(C)[C@H]3[C@@H](O)c4c(cc(-c5cccnc5)oc4=O)O[C@]3(C)[C@@H](OC(=O)c3ccc(C#N)cc3)C[C@H]21,intermediate,3100.0
51125429,CCCC[C@H](C)[C@@H]1CC(=O)N[C@@H](Cc2ccccc2)C(=O)N[C@@H](C)C(=O)N[C@H]([C@@H](C)CC)C(=O)O1,intermediate,3200.0
51061833,CCC(=O)[C@H](C[C@H](C)C(Cl)(Cl)Cl)NC(=O)/C=C/[C@H](C)C(Cl)(Cl)Cl,intermediate,3410.0
51125430,COC(=O)CNC(=O)[C@]1(C)[C@@H](OC(C)=O)CC[C@]2(C)[C@H]3[C@@H](O)c4c(cc(-c5cccnc5)oc4=O)O[C@]3(C)[C@@H](OC(=O)c3ccc(C#N)cc3)C[C@H]21,intermediate,4200.0
51052035,C[C@@H](C[C@H]1C(=O)N(C)[C@@H](C[C@H](C)C(Cl)(Cl)Cl)C(=O)N1C)C(Cl)(Cl)Cl,intermediate,4700.0
51068066,Cc1c(C(=O)Nc2ccc(N3CCC(COc4cccc(C(=O)O)c4)CC3)nc2)oc2ccc(-c3ccccc3)cc12,intermediate,4800.0
50106403,O[C@]12C=C(c3nccc4c3[nH]c3ccccc34)[C@@H]3CCN(CCCC/C=C\CC1)C[C@@]31C[C@@H]3/C=C\CCCCN3[C@H]12,intermediate,5000.0
51125435,CC1CN(C(=O)Nc2ccccc2)c2ccc(-c3ccc([C@H]4CC[C@H](CC(=O)O)CC4)cc3)cc2O1,intermediate,5300.0
50533739,C[C@@H](C[C@H]1C(=O)N(C)[C@@H](C[C@H](C)C(Cl)(Cl)Cl)C(=O)N1C)C(Cl)(Cl)Cl,intermediate,6800.0
50290225,CCC[C@@H]1C[C@@H](NCc2ccccc2)C[C@@]2(O1)C(=O)Nc1ccccc12,intermediate,8000.0
50533667,COc1ccc(C(O)C(C)Oc2ccc([C@H]3O[C@H](c4ccc(OC(C)C(O)c5ccc(OC)c(OC)c5)c(OC)c4)[C@H](C)[C@H]3C)cc2OC)cc1OC,intermediate,9100.0
51068069,CCC[C@@H]1C[C@@H](NCc2ccccc2)C[C@@]2(O1)C(=O)N(Cc1ccccc1)c1ccccc12,intermediate,9200.0
50533675,CC(C)c1cc(C(C)C)c(CC(=O)NS(=O)(=O)Oc2c(C(C)C)cccc2C(C)C)c(C(C)C)c1,intermediate,9300.0
51105755,CCC[C@@H]1CC(=O)C[C@@]2(O1)C(=O)N(C)c1cccc(Br)c12,intermediate,9600.0
51105761,CCCC(=O)N[C@H](C(=O)N1CCC[C@H]1C(=O)N(C)[C@@H](Cc1ccccc1)C(=O)N[C@@H](CC(C)C)C(=O)N(C)[C@H](C(=O)N(C)Cc1nccs1)C(C)C)C(C)C,intermediate,9600.0
50106522,CCCC(=O)N(C)[C@H](C(=O)N1CCC[C@H]1C(=O)N(C)[C@@H](Cc1ccccc1)C(=O)N[C@@H](CC(C)C)C(=O)N(C)[C@H](C(=O)N(C)Cc1nccs1)C(C)C)C(C)C,intermediate,9600.0
50088729,O=C(O)C[C@H]1CC[C@H](c2ccc(-c3ccc4c(c3)OCCN4C(=O)Nc3ccc(F)cc3C(F)(F)F)cc2)CC1,intermediate,9700.0
50106519,O=C(O)C[C@H]1CC[C@H](c2ccc(-c3ccc4c(c3)OCCN4C(=O)Nc3ccccc3)cc2)CC1,intermediate,9700.0
51105762,O=C(O)C[C@H]1CC[C@H](c2ccc(-c3ccc4c(c3)OCCN4C(=O)Nc3ccccc3)cc2)CC1,intermediate,9900.0
50081434,CCCC(=O)N(C)[C@H](C(=O)N1CCC[C@H]1C(=O)N(C)[C@@H](Cc1ccccc1)C(=O)N[C@@H](CC(C)C)C(=O)N[C@H](C(=O)N(C)Cc1nccs1)C(C)C)C(C)C,inactive,10000.0
51013650,CC1(C)Oc2nc(C(F)(F)F)nc(N)c2N=C1c1ccc2c(c1)CC[C@]21CC[C@@H](CC(=O)O)CC1,inactive,10000.0
50974874,O=C(O)C[C@]1(CC(F)(F)F)CCc2cc(-c3cnc(NC(=O)Nc4ccc(F)c(F)c4)cn3)ccc2C1=O,inactive,10000.0
51346968,Cc1nc(C)c(-c2ccc([C@H]3CC[C@H](CC(=O)O)CC3)cc2)nc1C(N)=O,inactive,11500.0
50533672,CC(=O)OCCC(/C=C/C=C/C#CC#C/C=C/CO)OC(=O)C=C(C)C,inactive,12000.0
50088732,CCC[C@@H]1C[C@@H](NCc2ccccc2)C[C@@]2(O1)C(=O)Nc1cccc(Br)c12,inactive,13300.0
51253369,Cc1cc(C(=O)Nc2ccccc2)c2ccc(-c3ccc(OCC(C)(C)C(=O)O)[n+]([O-])c3)cc2n1,inactive,14800.0
51061818,CC1=CCC[C@H]2[C@](C)(Cc3cc(O)ccc3O)[C@@H](C)CC[C@]12C,inactive,15200.0
50533671,CC(=O)O[C@H]1CC[C@]2(C)[C@H]3[C@@H](O)c4c(cc(-c5cccnc5)oc4=O)O[C@]3(C)[C@@H](OC(=O)c3ccc(C#N)cc3)C[C@H]2[C@]1(C)C(=O)O,inactive,16000.0
51253364,CCC[C@H]1C/C(=N/OCc2ccccc2)C[C@]2(O1)C(=O)Nc1ccccc12,inactive,19100.0
50357589,C=C1CCC[C@H]2[C@](C)(Cc3cc(O)ccc3O)[C@@H](C)CC[C@]12C,inactive,19200.0
330430,C=CC(C)(C)c1c(O)cc(O)c2c(=O)c3c(CC=C(C)C)c(OC)c(O)cc3oc12,inactive,20000.0
330431,CCCC[C@H](C)[C@@H]1CC(=O)N[C@@H](Cc2ccccc2)C(=O)N[C@@H](C)C(=O)N[C@H](CC(C)C)C(=O)O1,inactive,20000.0
51125421,CCCC[C@H](C)[C@@H]1CC(=O)N[C@@H](Cc2ccccc2)C(=O)N[C@@H](C)C(=O)N[C@H]([C@@H](C)CC)C(=O)O1,inactive,20000.0
50357572,CCCC[C@H](C)[C@@H]1CC(=O)N[C@@H](Cc2ccccc2)C(=O)N[C@@H](C)C(=O)N[C@H]([C@@H](C)CC)C(=O)O1,inactive,23200.0
50357573,CC(C)=CCc1c(O)c(O)cc2c(=O)c3c(O)c4c(cc3oc12)OC(C)C4(C)C,inactive,24800.0
50367879,CC(C)=CCc1c(O)cc2c(c1O)C(=O)C[C@@H](c1cc3c(cc1O)OC(C)(C)C=C3)O2,inactive,25100.0
50533668,CC(C)=CC=C(OC(=O)CC(C)C)c1cc(O)c2c(O)ccc(O)c2c1O,inactive,26000.0
50533738,CCC[C@@H]1C[C@@H](N2CCCC2)C[C@@]2(O1)C(=O)Nc1ccccc12,inactive,27000.0
50367870,CCC[C@@H]1C[C@@H](NCc2ccccc2)C[C@@]2(O1)C(=O)N(C)c1ccccc12,inactive,28700.0
50357585,CCC(=O)OC(=CC=C(C)C)c1cc(O)c2c(O)ccc(O)c2c1O,inactive,28800.0
51105763,C=CC(C)(C)c1c(O)cc(O)c2c(=O)c3cc(O)c4c(c3oc12)C=CC(C)(C)O4,inactive,32000.0
50533666,CCCC(=O)N[C@H](C(=O)N1CCC[C@H]1C(=O)N(C)[C@@H](Cc1ccccc1)C(=O)N[C@@H](CC(C)C)C(=O)N(C)[C@H](C(=O)N(C)Cc1nccs1)C(C)C)C(C)C,inactive,33000.0
51346964,CCC[C@@H]1C[C@@H](NCc2ccccc2)C[C@@]2(O1)C(=O)N(C)c1cccc(Br)c12,inactive,36200.0
50270324,CC(=O)OCCC(/C=C/C=C/C#CC#C/C=C/CO)OC(=O)C=C(C)C,inactive,39000.0
51052034,COc1ccc(C(O)C(C)Oc2ccc([C@H]3O[C@H](c4ccc(OC(C)C(O)c5ccc(OC)c(OC)c5)c(OC)c4)[C@H](C)[C@H]3C)cc2OC)cc1OC,inactive,40000.0
50357569,O=C(O)c1cccc(OCC2CCN(c3ccc(NC(=O)c4cccc(Oc5ccccc5)c4)cn3)CC2)c1,inactive,41600.0
50357588,CC(C)=CCc1c(-c2ccc(O)cc2O)oc2cc3c(c(O)c2c1=O)C=CC(C)(C)O3,inactive,41600.0
50357583,CC(C)=CC(C)(C)c1c(C)cc(O)c2c(=O)c3cc(O)c(O)cc3oc12,inactive,44800.0
50367882,CC(C)(O)CCc1c(O)cc(O)c2c1O[C@H](c1cc3c(cc1O)OC(C)(C)C=C3)CC2=O,inactive,49600.0
330439,CCCC(=O)OC(=CC=C(C)C)c1cc(O)c2c(O)ccc(O)c2c1O,inactive,53000.0
50367884,CCCCCCCC(=O)CNc1cc(-c2ccccc2)nn1-c1ccccc1,inactive,56200.0
50367877,CC(C)=CC=C(OC(=O)c1ccccc1)c1cc(O)c2c(O)ccc(O)c2c1O,inactive,57500.0
50634667,CC(C)=CC=C(OC(=O)C(C)C)c1cc(O)c2c(O)ccc(O)c2c1O,inactive,68400.0
50367864,O=C(Nc1ccc(C2CCN(C(=O)[C@H]3CC[C@H](C(=O)O)CC3)CC2)cc1)c1nc(-c2ccccc2)oc1C(F)(F)F,inactive,71400.0
50357581,C=CCCC(=O)OC(=CC=C(C)C)c1cc(O)c2c(O)ccc(O)c2c1O,inactive,74400.0
330440,C=CC(C)(C)c1c(O)cc2oc3c(CC=C(C)C)c(O)c(O)cc3c(=O)c2c1O,inactive,75000.0
50357571,CCCCCCCCC(=O)CNc1cc(-c2ccccc2)nn1-c1ccccc1,inactive,75200.0
50357587,C=CC(C)(C)c1c(OC)cc(O)c2c(=O)c3c(CC=C(C)C)c(O)c(O)cc3oc12,inactive,77600.0
50367865,CC1(C)C=Cc2c(cc3oc(-c4ccc(O)cc4O)cc(=O)c3c2O)O1,inactive,84500.0
50357586,CCCCC(=O)OC(=CC=C(C)C)c1cc(O)c2c(O)ccc(O)c2c1O,inactive,89600.0
50278755,CC(C)=CCc1cc([C@@H]2CC(=O)c3c(cc(O)c(CC=C(C)C)c3O)O2)c(O)cc1O,inactive,95000.0
330441,O=C(CCc1ccc(O)c(O)c1)N[C@@H](CC(=O)OCc1ccccc1)C(=O)OCc1ccccc1,inactive,97000.0
51346967,CCCCCCCCCCNc1cc(-c2ccccc2)nn1-c1ccccc1,inactive,100700.0
50329420,C=C1CCC[C@]2(C)C[C@]3(O)OC(=O)C(C)=C3C[C@@H]12,inactive,101000.0
330429,CCCCCCCN(CCCCCNc1cc(-c2ccccc2)cnn1)C(=O)Nc1ccc(F)cc1F,inactive,102850.0
51138725,CSc1cc(C)nc(SC)c1NC(=O)CN1CCN(CCSc2nc3ccccc3[nH]2)CC1,inactive,102850.0
50357580,CSc1cc(C)nc(SC)c1NC(=O)CN1CCN(CCSc2nc3ccccc3[nH]2)CC1,inactive,112000.0
50367866,C=CC(C)(C)c1c(O)c(CC=C(C)C)c2oc3cc(O)c(O)cc3c(=O)c2c1O,inactive,112200.0
50270327,CC(=O)OC(=CC=C(C)C)c1cc(O)c2c(O)ccc(O)c2c1O,inactive,124000.0
50357584,COc1ccc([C@@H]2O[C@H](c3ccc(O[C@H](C)Cc4ccc5c(c4)OCO5)cc3)[C@H](C)[C@@H]2C)cc1OC,inactive,132800.0
50367867,C=CC(C)(C)c1c(OC)cc(O)c2c(=O)c3ccc(O)c(O)c3oc12,inactive,138200.0
50367883,CC(C)C=CC(=O)c1cc(O)c2c(O)ccc(O)c2c1O,inactive,169800.0
51346963,CC(C)=CC=C(OC(=O)CC(C)(C)O)c1cc(O)c2c(O)ccc(O)c2c1O,inactive,187300.0
330437,C=C1CCC[C@]2(C)C[C@]3(O)OC(=O)C(C)=C3C[C@@H]12,inactive,230000.0
50855129,CCCCCCCC(=O)Nc1ccccc1-c1ccccc1,inactive,230000.0
330438,CCCCCCCC(=O)Nc1ccccc1-c1ccccc1,inactive,414000.0
50855131,CCCCCCCCC(=O)Nc1ccccc1-c1ccccc1,inactive,414000.0
