Name,SMILES
,COc1ccc(C(=O)O[C@H]2C[C@H]3[C@](C)(COC(C)=O)[C@@H](OC(C)=O)CC[C@]3(C)[C@H]3[C@@H](O)c4c(cc(-c5cccnc5)oc4=O)O[C@]23C)cc1
,CC(=O)OC[C@@]1(C)[C@@H]2C[C@H](OC(=O)c3ccc(C#N)cc3)[C@@]3(C)Oc4cc(-c5cccnc5)oc(=O)c4[C@H](O)[C@@H]3[C@@]2(C)CC[C@@H]1OC(C)=O
,CC(=O)OC[C@@]1(C)[C@@H]2C[C@H](OC(=O)c3ccc(C#N)cc3)[C@@]3(C)Oc4cc(-c5cccnc5)oc(=O)c4[C@H](O)[C@@H]3[C@@]2(C)CC[C@@H]1OC(C)=O
,CC(=O)OC[C@@]1(C)[C@@H]2C[C@H](OC(=O)c3ccc(C)cc3)[C@@]3(C)Oc4cc(-c5cccnc5)oc(=O)c4[C@H](O)[C@@H]3[C@@]2(C)CC[C@@H]1OC(C)=O
,CC(=O)OC[C@@]1(C)[C@@H]2C[C@H](OC(=O)c3cccc(F)c3)[C@@]3(C)Oc4cc(-c5cccnc5)oc(=O)c4[C@H](O)[C@@H]3[C@@]2(C)CC[C@@H]1OC(C)=O
,CC(=O)OC[C@@]1(C)[C@@H]2C[C@H](OC(=O)c3ccc(Cl)cc3)[C@@]3(C)Oc4cc(-c5cccnc5)oc(=O)c4[C@H](O)[C@@H]3[C@@]2(C)CC[C@@H]1OC(C)=O
,CCc1ccc(C(=O)O[C@H]2C[C@H]3[C@](C)(COC(C)=O)[C@@H](OC(C)=O)CC[C@]3(C)[C@H]3[C@@H](O)c4c(cc(-c5cccnc5)oc4=O)O[C@]23C)cc1
,CC(=O)OC[C@@]1(C)[C@@H]2C[C@H](OC(=O)c3cccc(Br)c3)[C@@]3(C)Oc4cc(-c5cccnc5)oc(=O)c4[C@H](O)[C@@H]3[C@@]2(C)CC[C@@H]1OC(C)=O
,CC(=O)OC[C@@]1(C)[C@@H]2C[C@H](OC(=O)c3ccc(F)cc3)[C@@]3(C)Oc4cc(-c5cccnc5)oc(=O)c4[C@H](O)[C@@H]3[C@@]2(C)CC[C@@H]1OC(C)=O
,CC(=O)OC[C@@]1(C)[C@@H]2C[C@H](OC(=O)c3ccc(Br)cc3)[C@@]3(C)Oc4cc(-c5cccnc5)oc(=O)c4[C@H](O)[C@@H]3[C@@]2(C)CC[C@@H]1OC(C)=O
,CSc1ccc(C(=O)O[C@H]2C[C@H]3[C@](C)(COC(C)=O)[C@@H](OC(C)=O)CC[C@]3(C)[C@H]3[C@@H](O)c4c(cc(-c5cccnc5)oc4=O)O[C@]23C)cc1
,CC(=O)OC[C@@]1(C)[C@@H]2C[C@H](OC(=O)c3ccc(I)cc3)[C@@]3(C)Oc4cc(-c5cccnc5)oc(=O)c4[C@H](O)[C@@H]3[C@@]2(C)CC[C@@H]1OC(C)=O
,CC(=O)OC[C@@]1(C)[C@@H]2C[C@H](OC(=O)c3ccccc3I)[C@@]3(C)Oc4cc(-c5cccnc5)oc(=O)c4[C@H](O)[C@@H]3[C@@]2(C)CC[C@@H]1OC(C)=O
,CC(=O)OC[C@@]1(C)[C@@H]2C[C@H](OC(=O)c3ccc(N=[N+]=[N-])cc3)[C@@]3(C)Oc4cc(-c5cccnc5)oc(=O)c4[C@H](O)[C@@H]3[C@@]2(C)CC[C@@H]1OC(C)=O
,CC(=O)OC[C@@]1(C)[C@@H]2C[C@H](OC(=O)c3cccc(I)c3)[C@@]3(C)Oc4cc(-c5cccnc5)oc(=O)c4[C@H](O)[C@@H]3[C@@]2(C)CC[C@@H]1OC(C)=O
,CC(=O)OC[C@@]1(C)[C@@H]2C[C@H](OC(=O)c3ccc(Br)c(F)c3)[C@@]3(C)Oc4cc(-c5cccnc5)oc(=O)c4[C@H](O)[C@@H]3[C@@]2(C)CC[C@@H]1OC(C)=O
,CC(=O)OC[C@@]1(C)[C@@H]2C[C@H](OC(=O)c3cccc(C)c3)[C@@]3(C)Oc4cc(-c5cccnc5)oc(=O)c4[C@H](O)[C@@H]3[C@@]2(C)CC[C@@H]1OC(C)=O
,C=Cc1ccc(C(=O)O[C@H]2C[C@H]3[C@](C)(COC(C)=O)[C@@H](OC(C)=O)CC[C@]3(C)[C@H]3[C@@H](O)c4c(cc(-c5cccnc5)oc4=O)O[C@]23C)cc1
,CC(=O)OC[C@@]1(C)[C@@H]2C[C@H](OC(=O)c3ccc([N+](=O)[O-])cc3)[C@@]3(C)Oc4cc(-c5cccnc5)oc(=O)c4[C@H](O)[C@@H]3[C@@]2(C)CC[C@@H]1OC(C)=O
,CCC(=O)OC[C@@]1(C)[C@@H]2C[C@H](OC(=O)c3ccc(C#N)cc3)[C@@]3(C)Oc4cc(-c5cccnc5)oc(=O)c4[C@H](O)[C@@H]3[C@@]2(C)CC[C@@H]1OC(=O)CC
,CC(=O)OC[C@@]1(C)[C@@H]2C[C@H](OC(=O)c3ccc([N+](=O)[O-])c(F)c3)[C@@]3(C)Oc4cc(-c5cccnc5)oc(=O)c4[C@H](O)[C@@H]3[C@@]2(C)CC[C@@H]1OC(C)=O
,C[C@@]12CO[C@@H](c3ccccc3)O[C@H]1CC[C@@]1(C)[C@H]2C[C@H](OC(=O)c2ccc(C#N)cc2)[C@@]2(C)Oc3cc(-c4cccnc4)oc(=O)c3[C@H](O)[C@H]12
,COc1ccc(C(=O)O[C@H]2C[C@H]3[C@](C)(COC(C)=O)[C@@H](OC(C)=O)CC[C@]3(C)[C@H]3[C@@H](O)c4c(cc(-c5cccnc5)oc4=O)O[C@]23C)cc1F
,CC(=O)OC[C@@]1(C)[C@@H]2C[C@H](OC(=O)c3ccc(C)c(F)c3)[C@@]3(C)Oc4cc(-c5cccnc5)oc(=O)c4[C@H](O)[C@@H]3[C@@]2(C)CC[C@@H]1OC(C)=O
,CC(C)C(=O)OC[C@@]1(C)[C@@H]2C[C@H](OC(=O)c3ccc(C#N)cc3)[C@@]3(C)Oc4cc(-c5cccnc5)oc(=O)c4[C@H](O)[C@@H]3[C@@]2(C)CC[C@@H]1OC(=O)C(C)C
,Cc1ccc([C@@H]2OC[C@@]3(C)[C@@H]4C[C@H](OC(=O)c5ccc(C#N)cc5)[C@@]5(C)Oc6cc(-c7cccnc7)oc(=O)c6[C@H](O)[C@@H]5[C@@]4(C)CC[C@@H]3O2)c(C)c1
,C[C@@]12CO[C@@H](c3ccccc3F)O[C@H]1CC[C@@]1(C)[C@H]2C[C@H](OC(=O)c2ccc(C#N)cc2)[C@@]2(C)Oc3cc(-c4cccnc4)oc(=O)c3[C@H](O)[C@H]12
,CC(=O)OC[C@@]1(C)[C@@H]2C[C@H](OC(=O)c3cccc(Cl)c3)[C@@]3(C)Oc4cc(-c5cccnc5)oc(=O)c4[C@H](O)[C@@H]3[C@@]2(C)CC[C@@H]1OC(C)=O
,C[C@@]12CO[C@@H](c3ccccc3)O[C@H]1CC[C@@]1(C)[C@H]2C[C@H](OC(=O)c2ccc(F)cc2)[C@@]2(C)Oc3cc(-c4cccnc4)oc(=O)c3[C@H](O)[C@H]12
,CC(=O)OC[C@@]1(C)[C@@H]2C[C@H](OC(=O)c3ccc(Br)cc3F)[C@@]3(C)Oc4cc(-c5cccnc5)oc(=O)c4[C@H](O)[C@@H]3[C@@]2(C)CC[C@@H]1OC(C)=O
,Cc1cccc(C)c1[C@@H]1OC[C@@]2(C)[C@@H]3C[C@H](OC(=O)c4ccc(C#N)cc4)[C@@]4(C)Oc5cc(-c6cccnc6)oc(=O)c5[C@H](O)[C@@H]4[C@@]3(C)CC[C@@H]2O1
,Cc1cccc([C@@H]2OC[C@@]3(C)[C@@H]4C[C@H](OC(=O)c5ccc(C#N)cc5)[C@@]5(C)Oc6cc(-c7cccnc7)oc(=O)c6[C@H](O)[C@@H]5[C@@]4(C)CC[C@@H]3O2)c1
,CC(=O)OC[C@@]1(C)[C@@H]2C[C@H](OC(=O)c3ccc(C#N)c(F)c3)[C@@]3(C)Oc4cc(-c5cccnc5)oc(=O)c4[C@H](O)[C@@H]3[C@@]2(C)CC[C@@H]1OC(C)=O
,CC(=O)OC[C@@]1(C)[C@@H]2C[C@H](OC(=O)c3ccc(F)c(F)c3F)[C@@]3(C)Oc4cc(-c5cccnc5)oc(=O)c4[C@H](O)[C@@H]3[C@@]2(C)CC[C@@H]1OC(C)=O
,CSc1cccc(C(=O)O[C@H]2C[C@H]3[C@](C)(COC(C)=O)[C@@H](OC(C)=O)CC[C@]3(C)[C@H]3[C@@H](O)c4c(cc(-c5cccnc5)oc4=O)O[C@]23C)c1
,C[C@@]12CO[C@@H](c3ccccc3)O[C@H]1CC[C@@]1(C)[C@H]2C[C@H](OC(=O)c2ccc(Cl)cc2)[C@@]2(C)Oc3cc(-c4cccnc4)oc(=O)c3[C@H](O)[C@H]12
,CC(=O)OC[C@@]1(C)[C@@H]2C[C@H](OC(=O)c3ccc(-c4ccccc4)cc3)[C@@]3(C)Oc4cc(-c5cccnc5)oc(=O)c4[C@H](O)[C@@H]3[C@@]2(C)CC[C@@H]1OC(C)=O
,CC(=O)OC[C@@]1(C)[C@@H]2C[C@H](OC(=O)c3ccc(C#N)cc3)[C@@]3(C)Oc4cc(-c5cccnc5)oc(=O)c4[C@H](O)[C@@H]3[C@@]2(C)CC[C@@H]1OC(=O)c1ccccc1
,Cc1ccc([C@@H]2OC[C@@]3(C)[C@@H]4C[C@H](OC(=O)c5ccc(C#N)cc5)[C@@]5(C)Oc6cc(-c7cccnc7)oc(=O)c6[C@H](O)[C@@H]5[C@@]4(C)CC[C@@H]3O2)cc1
,CC(=O)OC[C@@]1(C)[C@@H]2C[C@H](OC(=O)c3ccccc3)[C@@]3(C)Oc4cc(-c5cccnc5)oc(=O)c4[C@H](O)[C@@H]3[C@@]2(C)CC[C@@H]1OC(C)=O
,CCCCC(=O)O[C@H]1C[C@H]2[C@]3(C)CO[C@@H](c4ccccc4C)O[C@H]3CC[C@]2(C)[C@H]2[C@@H](O)c3c(cc(-c4cccnc4)oc3=O)O[C@]12C
,CCCCCCCN(CCCCCSc1nc(-c2ccccc2)c(-c2ccccc2)[nH]1)C(=O)Nc1ccc(F)cc1F
,CCC(=O)O[C@H]1CC[C@@]2(C)[C@@H](C[C@H](OC(=O)c3ccc(C#N)cc3)[C@@]3(C)Oc4cc(-c5cccnc5)oc(=O)c4[C@H](O)[C@H]23)[C@]1(C)COC(C)=O
,CC(=O)OC[C@@]1(C)[C@@H]2C[C@H](OC(=O)c3ccccc3C)[C@@]3(C)Oc4cc(-c5cccnc5)oc(=O)c4[C@H](O)[C@@H]3[C@@]2(C)CC[C@@H]1OC(C)=O
,CC(=O)OC[C@@]1(C)[C@@H]2C[C@H](OC(=O)c3cccc(C#N)c3)[C@@]3(C)Oc4cc(-c5cccnc5)oc(=O)c4[C@H](O)[C@@H]3[C@@]2(C)CC[C@@H]1OC(C)=O
,C[C@@]12CO[C@@H](c3ccccc3)O[C@H]1CC[C@@]1(C)[C@H]2C[C@H](OC(=O)c2ccc(Br)cc2)[C@@]2(C)Oc3cc(-c4cccnc4)oc(=O)c3[C@H](O)[C@H]12
,C=Cc1cccc(C(=O)O[C@H]2C[C@H]3[C@](C)(COC(C)=O)[C@@H](OC(C)=O)CC[C@]3(C)[C@H]3[C@@H](O)c4c(cc(-c5cccnc5)oc4=O)O[C@]23C)c1
,Cc1ccccc1[C@@H]1OC[C@@]2(C)[C@@H]3C[C@H](OC(=O)c4ccc(C#N)cc4)[C@@]4(C)Oc5cc(-c6cccnc6)oc(=O)c5[C@H](O)[C@@H]4[C@@]3(C)CC[C@@H]2O1
00038001.cdx,CC(O)(COC(=O)c1ccc(C#N)cc1)[C@@H]1C[C@H](OC(=O)c2ccc(C#N)cc2)[C@@]2(C)Oc3cc(-c4cccnc4)oc(=O)c3C(=O)[C@@H]2C1
,C[C@@]12CO[C@@H](c3ccccc3)O[C@H]1CC[C@@]1(C)[C@H]2C[C@H](OC(=O)c2cccc(F)c2)[C@@]2(C)Oc3cc(-c4cccnc4)oc(=O)c3[C@H](O)[C@H]12
,COc1ccc(C(=O)O[C@H]2C[C@H]3[C@]4(C)CO[C@@H](c5ccccc5)O[C@H]4CC[C@]3(C)[C@H]3[C@@H](O)c4c(cc(-c5cccnc5)oc4=O)O[C@]23C)cc1
,CCC(=O)OC[C@@]1(C)[C@@H]2C[C@H](OC(=O)c3ccc(C#N)cc3)[C@@]3(C)Oc4cc(-c5cccnc5)oc(=O)c4[C@H](O)[C@@H]3[C@@]2(C)CC[C@@H]1OC(C)=O
,Cc1ccc([C@@H]2OC[C@@]3(C)[C@@H]4C[C@H](OC(=O)c5ccc(F)cc5)[C@@]5(C)Oc6cc(-c7cccnc7)oc(=O)c6[C@H](O)[C@@H]5[C@@]4(C)CC[C@@H]3O2)cc1
,CC(=O)OC[C@@]1(C)[C@@H]2C[C@H](OC(=O)c3ccc(C#N)cc3)[C@@]3(C)Oc4cc(-c5cccnc5)oc(=O)c4[C@H](O)[C@@H]3[C@@]2(C)CC[C@@H]1OC(=O)C(C)C
,COc1cccc(C(=O)O[C@H]2C[C@H]3[C@](C)(COC(C)=O)[C@@H](OC(C)=O)CC[C@]3(C)[C@H]3[C@@H](O)c4c(cc(-c5cccnc5)oc4=O)O[C@]23C)c1
,CC(=O)OC[C@@]1(C)[C@@H]2C[C@H](OC(=O)c3ccc4ccccc4c3)[C@@]3(C)Oc4cc(-c5cccnc5)oc(=O)c4[C@H](O)[C@@H]3[C@@]2(C)CC[C@@H]1OC(C)=O
,C[C@@]12CO[C@@H](c3ccccc3)O[C@H]1CC[C@@]1(C)[C@H]2C[C@H](OC(=O)c2cccc(Cl)c2)[C@@]2(C)Oc3cc(-c4cccnc4)oc(=O)c3[C@H](O)[C@H]12
,CC(=O)OC[C@@]1(C)[C@@H]2C[C@H](OC(=O)c3ccc4c(c3)OC(F)(F)O4)[C@@]3(C)Oc4cc(-c5cccnc5)oc(=O)c4[C@H](O)[C@@H]3[C@@]2(C)CC[C@@H]1OC(C)=O
,CCCCC(=O)O[C@H]1C[C@H]2[C@]3(C)CO[C@@H](c4ccccc4)O[C@H]3CC[C@]2(C)[C@H]2[C@@H](O)c3c(cc(-c4cccnc4)oc3=O)O[C@]12C
00038001.cdx,CC(O)(COC(=O)c1ccc(C#N)cc1)[C@@H]1C[C@H](OC(=O)c2ccc(C#N)cc2)[C@@]2(C)Oc3cc(-c4cccnc4)oc(=O)c3C(=O)[C@@H]2C1
,C[C@@]12CO[C@@H](c3cccc4ccccc34)O[C@H]1CC[C@@]1(C)[C@H]2C[C@H](OC(=O)c2ccc(C#N)cc2)[C@@]2(C)Oc3cc(-c4cccnc4)oc(=O)c3[C@H](O)[C@H]12
,Cc1ccccc1[C@@H]1OC[C@@]2(C)[C@@H]3C[C@H](OC(=O)c4ccc(F)cc4)[C@@]4(C)Oc5cc(-c6cccnc6)oc(=O)c5[C@H](O)[C@@H]4[C@@]3(C)CC[C@@H]2O1
,C[C@@]12CO[C@@H](c3ccccc3)O[C@H]1CC[C@@]1(C)[C@H]2C[C@H](OC(=O)c2ccc(C=O)cc2)[C@@]2(C)Oc3cc(-c4cccnc4)oc(=O)c3[C@H](O)[C@H]12
,CC(=O)OC[C@@]1(C)[C@@H]2C[C@H](OC(=O)c3ccccc3F)[C@@]3(C)Oc4cc(-c5cccnc5)oc(=O)c4[C@H](O)[C@@H]3[C@@]2(C)CC[C@@H]1OC(C)=O
,C[C@@]12CO[C@@H](c3ccccc3)O[C@H]1CC[C@@]1(C)[C@H]2C[C@H](OC(=O)c2cccc(C#N)c2)[C@@]2(C)Oc3cc(-c4cccnc4)oc(=O)c3[C@H](O)[C@H]12
,C[C@@]12CO[C@@H](c3ccccc3)O[C@H]1CC[C@@]1(C)[C@H]2C[C@H](OC(=O)c2cccc(Br)c2)[C@@]2(C)Oc3cc(-c4cccnc4)oc(=O)c3[C@H](O)[C@H]12
,COc1ccccc1[C@@H]1OC[C@@]2(C)[C@@H]3C[C@H](OC(=O)c4ccc(C#N)cc4)[C@@]4(C)Oc5cc(-c6cccnc6)oc(=O)c5[C@H](O)[C@@H]4[C@@]3(C)CC[C@@H]2O1
,CC(=O)OC[C@@]1(C)[C@@H]2C[C@H](OC(=O)c3ccc(Cl)cc3I)[C@@]3(C)Oc4cc(-c5cccnc5)oc(=O)c4[C@H](O)[C@@H]3[C@@]2(C)CC[C@@H]1OC(C)=O
,CC(=O)OC[C@@]1(C)[C@@H]2C[C@H](OC(=O)c3cc4ccccc4s3)[C@@]3(C)Oc4cc(-c5cccnc5)oc(=O)c4[C@H](O)[C@@H]3[C@@]2(C)CC[C@@H]1OC(C)=O
,CC(=O)O[C@H]1CC[C@@]2(C)[C@@H](C[C@H](OC(=O)c3ccc(C#N)cc3)[C@@]3(C)Oc4cc(-c5cccnc5)oc(=O)c4[C@H](O)[C@H]23)[C@]1(C)COC(=O)C(C)C
,Cc1cccc([C@@H]2OC[C@@]3(C)[C@@H]4C[C@H](OC(=O)c5ccc(F)cc5)[C@@]5(C)Oc6cc(-c7cccnc7)oc(=O)c6[C@H](O)[C@@H]5[C@@]4(C)CC[C@@H]3O2)c1
,C[C@@]12CO[C@@H](c3ccccc3)O[C@H]1CC[C@@]1(C)[C@H]2C[C@H](OC(=O)c2ccccc2F)[C@@]2(C)Oc3cc(-c4cccnc4)oc(=O)c3[C@H](O)[C@H]12
00048001.cdx,CC(=O)OC[C@](C)(OC(C)=O)[C@@H]1C[C@@H]2[C@@H](O)c3c(cc(-c4cccnc4)oc3=O)O[C@@]2(C)[C@H](OC(C)=O)C1
,CC(=O)OC[C@@]1(C)[C@@H]2C[C@H](OC(=O)c3ccccc3Cl)[C@@]3(C)Oc4cc(-c5cccnc5)oc(=O)c4[C@H](O)[C@@H]3[C@@]2(C)CC[C@@H]1OC(C)=O
,C[C@@]12CO[C@@H](c3ccccc3)O[C@H]1CC[C@@]1(C)[C@H]2C[C@H](OC(=O)c2ccc([N+](=O)[O-])cc2)[C@@]2(C)Oc3cc(-c4cccnc4)oc(=O)c3[C@H](O)[C@H]12
00039001.cdx,CC(=O)OCC(C)(OC(C)=O)[C@@H]1C[C@H](OC(=O)c2ccc(C#N)cc2)[C@@]2(C)Oc3cc(-c4cccnc4)oc(=O)c3[C@@H](OC(C)=O)[C@@H]2C1
00056001.cdx,CC(=O)OC[C@](C)(O)[C@H]1C[C@@H](O)[C@]2(C)Oc3cc(-c4cccnc4)oc(=O)c3[C@@H](O)[C@H]2C1
,COc1cccc(C(=O)O[C@H]2C[C@H]3[C@]4(C)CO[C@@H](c5ccccc5)O[C@H]4CC[C@]3(C)[C@H]3[C@@H](O)c4c(cc(-c5cccnc5)oc4=O)O[C@]23C)c1
,CC(=O)OCC1(C)C(OC(C)=O)CCC2(C)C3C(=O)C4=C(CC(c5cccnc5)OC4=O)OC3(C)C(OC(C)=O)=CC12
,CC(=O)OCC1(C)C(OC(C)=O)CCC2(C)C3C(=O)C4=C(CC(c5cccnc5)OC4=O)OC3(C)C(OC(C)=O)=CC12
,CC(=O)O[C@H]1CC[C@@]2(C)[C@@H](C[C@H](OC(C)=O)[C@@]3(C)Oc4cc(-c5cccnc5)oc(=O)c4[C@H](O)[C@H]23)[C@]1(C)COC(=O)C(C)C
00048001.cdx,CC(=O)OC[C@](C)(OC(C)=O)[C@@H]1C[C@@H]2[C@@H](O)c3c(cc(-c4cccnc4)oc3=O)O[C@@]2(C)[C@H](OC(C)=O)C1
00055001.cdx,CC(=O)OC[C@](C)(O)[C@H]1C[C@@H](O)[C@]2(C)Oc3cc(-c4cccnc4)oc(=O)c3[C@H](O)[C@H]2C1
00039001.cdx,CC(=O)OCC(C)(OC(C)=O)[C@@H]1C[C@H](OC(=O)c2ccc(C#N)cc2)[C@@]2(C)Oc3cc(-c4cccnc4)oc(=O)c3[C@@H](OC(C)=O)[C@@H]2C1
00049001.cdx,CC(=O)OC[C@](C)(OC(C)=O)[C@H]1C[C@@H](OC(C)=O)[C@]2(C)Oc3cc(-c4cccnc4)oc(=O)c3[C@@H](O)[C@@H]2C1
00049001.cdx,CC(=O)OC[C@](C)(OC(C)=O)[C@H]1C[C@@H](OC(C)=O)[C@]2(C)Oc3cc(-c4cccnc4)oc(=O)c3[C@@H](O)[C@@H]2C1
00038001.cdx,CC(O)(COC(=O)c1ccc(C#N)cc1)[C@@H]1C[C@H](O)[C@@]2(C)Oc3cc(-c4cccnc4)oc(=O)c3C(=O)[C@@H]2C1
00026001.cdx,CCCCCCCCCCCCS[C@H](C(=O)Nc1cc(C)c(O)c(C)c1C)c1ccccc1
,C[C@@]12CO[C@@H](c3ccccc3)O[C@H]1CC[C@@]1(C)[C@H]2C[C@H](OC(=O)c2ccccc2Cl)[C@@]2(C)Oc3cc(-c4cccnc4)oc(=O)c3[C@H](O)[C@H]12
00038001.cdx,CC(O)(COC(=O)c1ccc(C#N)cc1)[C@@H]1C[C@H](O)[C@@]2(C)Oc3cc(-c4cccnc4)oc(=O)c3C(=O)[C@@H]2C1
,COc1ccc(CNC(=O)[C@]2(C)[C@@H](OC(C)=O)CC[C@]3(C)[C@H]4[C@@H](O)c5c(cc(-c6cccnc6)oc5=O)O[C@]4(C)[C@@H](OC(=O)c4ccc(C#N)cc4)C[C@H]32)c(OC)c1
00036003.cdx,CC(=O)OCC(C)(OC(C)=O)[C@@H]1C[C@H](OC(C)=O)[C@@]2(C)Oc3cc(-c4cccnc4)oc(=O)c3[C@@H](O)[C@@H]2C1
00036003.cdx,CC(=O)OCC(C)(OC(C)=O)[C@@H]1C[C@H](OC(C)=O)[C@@]2(C)Oc3cc(-c4cccnc4)oc(=O)c3[C@@H](O)[C@@H]2C1
 ,CCCCCCCC/C=C\CCCCCCCC(=O)Nc1ccccc1
 ,CCCCCCCC/C=C\CCCCCCCC(=O)Nc1ccccc1
,CC(=O)OCC1(C)C(OC(C)=O)CCC2(C)C1CC(OC(C)=O)C1(C)Oc3cc(-c4cccnc4)oc(=O)c3C(O)C21
,CC(=O)OC[C@@]1(C)[C@@H]2C[C@H](OC(=O)c3ccc(N)cc3)[C@@]3(C)Oc4cc(-c5cccnc5)oc(=O)c4[C@H](O)[C@@H]3[C@@]2(C)CC[C@@H]1OC(C)=O
,COc1ccccc1C(=O)O[C@H]1C[C@H]2[C@](C)(COC(C)=O)[C@@H](OC(C)=O)CC[C@]2(C)[C@H]2[C@@H](O)c3c(cc(-c4cccnc4)oc3=O)O[C@]12C
00038001.cdx,CC(=O)OCC(C)(OC(C)=O)[C@@H]1C[C@H](OC(C)=O)[C@@]2(C)Oc3cc(-c4cccnc4)oc(=O)c3[C@H](O)[C@@H]2C1
,CC(=O)OC[C@@]1(C)[C@@H]2C[C@H](OC(=O)c3cccc4ccccc34)[C@@]3(C)Oc4cc(-c5cccnc5)oc(=O)c4[C@H](O)[C@@H]3[C@@]2(C)CC[C@@H]1OC(C)=O
,CC(=O)OC[C@@]1(C)[C@@H]2C[C@H](OC(=O)c3ccc(O)cc3)[C@@]3(C)Oc4cc(-c5cccnc5)oc(=O)c4[C@H](O)[C@@H]3[C@@]2(C)CC[C@@H]1OC(C)=O
00027001.cdx,CC(C)c1cccc(C(C)C)c1NC(=O)CC(=O)C(Cc1ccccc1)Cc1ccccc1
,CC(=O)OC[C@@]1(C)[C@@H]2C[C@H](OC(=O)c3ccccc3C#N)[C@@]3(C)Oc4cc(-c5cccnc5)oc(=O)c4[C@H](O)[C@@H]3[C@@]2(C)CC[C@@H]1OC(C)=O
,C[C@@]12CO[C@@H](c3ccccc3)O[C@H]1CC[C@@]1(C)[C@H]2C[C@H](OC(=O)c2ccccc2C#N)[C@@]2(C)Oc3cc(-c4cccnc4)oc(=O)c3[C@H](O)[C@H]12
,COc1ccccc1C(=O)O[C@H]1C[C@H]2[C@]3(C)CO[C@@H](c4ccccc4)O[C@H]3CC[C@]2(C)[C@H]2[C@@H](O)c3c(cc(-c4cccnc4)oc3=O)O[C@]12C
00054001.cdx,CC(=O)OC[C@](C)(OC(C)=O)[C@@H]1C[C@@H]2[C@H](O)c3c(cc(-c4cccnc4)oc3=O)O[C@@]2(C)[C@H](OC(C)=O)C1
,CC(=O)OC[C@@]1(C)[C@@H]2C[C@H](OC(C)=O)[C@@]3(C)Oc4cc(-c5cccnc5)oc(=O)c4[C@H](O)[C@@H]3[C@@]2(C)CC[C@@H]1OC(=O)c1ccccc1
00029001.cdx,CC(C)c1cccc(C(C)C)c1NC(=O)CC(=O)C(Cc1ccccc1)Cc1ccc(OC(=O)CCCCCCN2CCCCCC2=O)cc1
00030001.cdx,CC(C)c1cccc(C(C)C)c1NC(=O)CC(=O)C(Cc1ccccc1)Cc1ccc(OC(=O)CN2CCCCCC2=O)cc1
,CC(=O)O[C@H]1CC[C@@]2(C)[C@@H](C[C@H](OC(=O)c3ccc(C#N)cc3)[C@@]3(C)Oc4cc(-c5cccnc5)oc(=O)c4[C@H](O)[C@H]23)[C@]1(C)COC(=O)c1ccccc1
,CC(=O)OCC1(C)C(OC(C)=O)CCC2(C)C3C(=O)C4=C(CC(c5cccnc5)OC4=O)OC3(C)C(OC(C)=O)=CC12
,COC(=O)[C@]1(C)[C@@H](OC(C)=O)CC[C@]2(C)[C@H]3[C@@H](O)c4c(cc(-c5cccnc5)oc4=O)O[C@]3(C)[C@@H](OC(=O)c3ccc(C#N)cc3)C[C@H]21
,CCCCCC(=O)OC[C@@]1(C)[C@@H]2C[C@H](OC(=O)c3ccc(C#N)cc3)[C@@]3(C)Oc4cc(-c5cccnc5)oc(=O)c4[C@H](O)[C@@H]3[C@@]2(C)CC[C@@H]1OC(=O)CCCCC
,C[C@]1(COC(=O)c2ccccc2)[C@@H]2C[C@H](OC(=O)c3ccc(C#N)cc3)[C@@]3(C)Oc4cc(-c5cccnc5)oc(=O)c4[C@H](O)[C@@H]3[C@@]2(C)CC[C@@H]1OC(=O)c1ccccc1
,CCC(=O)OC[C@@]1(C)[C@@H]2C[C@H](OC(C)=O)[C@@]3(C)Oc4cc(-c5cccnc5)oc(=O)c4[C@H](O)[C@@H]3[C@@]2(C)CC[C@@H]1OC(C)=O
,CC(C)=CC=C(OC(=O)CC(C)C)c1cc(O)c2c(O)ccc(O)c2c1O
00036003.cdx,CC(=O)OCC(C)(OC(C)=O)[C@@H]1C[C@H](OC(C)=O)[C@@]2(C)Oc3cc(-c4cccnc4)oc(=O)c3[C@@H](O)[C@@H]2C1
,CCC(=O)[C@H](C[C@H](C)C(Cl)(Cl)Cl)NC(=O)[C@H](C[C@H](C)C(Cl)(Cl)Cl)N(C)C
,CC(=O)O[C@H]1CC[C@@]2(C)[C@@H](C[C@H](OC(C)=O)[C@@]3(C)Oc4cc(-c5cccnc5)oc(=O)c4[C@H](O)[C@H]23)[C@]1(C)COC(=O)c1ccccc1
,CCC(=O)O[C@H]1CC[C@@]2(C)[C@@H](C[C@H](OC(C)=O)[C@@]3(C)Oc4cc(-c5cccnc5)oc(=O)c4[C@H](O)[C@H]23)[C@]1(C)COC(C)=O
,CCCNC(=O)[C@]1(C)[C@@H](OC(C)=O)CC[C@]2(C)[C@H]3[C@@H](O)c4c(cc(-c5cccnc5)oc4=O)O[C@]3(C)[C@@H](OC(=O)c3ccc(C#N)cc3)C[C@H]21
,Cc1cc(C(=O)Nc2ccccc2)c2ccc(-c3ccc([C@H]4CC[C@H](CC(=O)O)CC4)cc3)cc2n1
,CC(=O)OC[C@@]1(C)[C@@H]2C[C@H](OC(C)=O)[C@@]3(C)Oc4cc(-c5cccnc5)oc(=O)c4[C@H](O)[C@@H]3[C@@]2(C)CC[C@@H]1OC(=O)C(C)C
,CCCC(=O)N(C)[C@H](C(=O)N1CCC[C@H]1C(=O)N(C)[C@@H](Cc1ccccc1)C(=O)N[C@@H](CC(C)C)C(=O)N(C)[C@H](C(=O)N(C)Cc1nccs1)C(C)C)C(C)C
00028001.cdx,CC(C)c1cccc(C(C)C)c1NC(=O)CC(=O)C(Cc1ccccc1)Cc1ccc(O)cc1
,CCC[C@@H]1C/C(=N/OCc2ccccc2)C[C@@]2(O1)C(=O)Nc1ccccc12
,COc1c([C@H](CC(C)C)OC(C)=O)ccc2c1C(=O)OCc1cc(C)cc(O)c1O2
00187001.cdx,Cc1cc(C(=O)Nc2ccccc2)c2ccc(-c3ccc(OCC(C)(C)C(=O)O)nc3)cc2n1
,CCCCCCCN(CCCCCNc1cc(-c2ccccc2)c(-c2ccccc2)nn1)C(=O)Nc1ccc(F)cc1F
,O=C(NCCCCCCSc1nc(-c2ccccc2)c(-c2ccccc2)[nH]1)Nc1ccc(F)cc1F
,COc1c([C@H](CC(C)C)OC(C)=O)ccc2c1C(=O)OCc1cc(C)cc(O)c1O2
,C[C@@H]1CN(C(=O)Nc2ccccc2)c2ccc(-c3ccc([C@H]4CC[C@H](CC(=O)O)CC4)cc3)cc2O1
,CCCCCCCN(CCCCCNc1ccc(-c2ccccc2)nn1)C(=O)Nc1ccc(F)cc1F
,CCC(=O)[C@H](C[C@H](C)C(Cl)(Cl)Cl)NC(=O)/C=C/[C@H](C)C(Cl)(Cl)Cl
,C=C[C@@H]1C[C@]1(NC(=O)[C@@H]1C[C@@H](Oc2cc(-c3csc(NC(=O)C(C)C)n3)nc3c(Br)c(OC)ccc23)CN1C(=O)[C@@H](NC(=O)OC1CCCC1)C(C)(C)C)C(=O)O
,CCCC(=O)N(C)[C@H](C(=O)N1CCC[C@H]1C(=O)N(C)[C@@H](Cc1ccccc1)C(=O)N[C@@H](CC(C)C)C(=O)N[C@H](C(=O)N(C)Cc1nccs1)C(C)C)C(C)C
,CCC(=O)[C@H](C[C@H](C)C(Cl)(Cl)Cl)NC(=O)[C@H](C[C@H](C)C(Cl)(Cl)Cl)N(C)C
,O=C(O)C[C@H]1CC[C@H](c2ccc(-c3ccc4c(ccn4C(=O)Nc4ccccc4)c3)cc2)CC1
 ,CCCCCCCCN1CCc2c(C)c(CC(=O)O)c(C)c(NC(=O)C(C)(C)C)c21
,O=C(O)C[C@H]1CC[C@H](c2ccc(-c3ccc4c(ccn4C(=O)Nc4ccccc4)c3)cc2)CC1
,CCC[C@@H]1CC(=NOCc2ccccc2)C[C@@]2(O1)C(=O)Nc1ccccc12
,CCOC(=O)CNC(=O)[C@]1(C)[C@@H](OC(C)=O)CC[C@]2(C)[C@H]3[C@@H](O)c4c(cc(-c5cccnc5)oc4=O)O[C@]3(C)[C@@H](OC(=O)c3ccc(C#N)cc3)C[C@H]21
,CCCC[C@H](C)[C@@H]1CC(=O)N[C@@H](Cc2ccccc2)C(=O)N[C@@H](C)C(=O)N[C@H]([C@@H](C)CC)C(=O)O1
,CCC(=O)[C@H](C[C@H](C)C(Cl)(Cl)Cl)NC(=O)/C=C/[C@H](C)C(Cl)(Cl)Cl
,COC(=O)CNC(=O)[C@]1(C)[C@@H](OC(C)=O)CC[C@]2(C)[C@H]3[C@@H](O)c4c(cc(-c5cccnc5)oc4=O)O[C@]3(C)[C@@H](OC(=O)c3ccc(C#N)cc3)C[C@H]21
,C[C@@H](C[C@H]1C(=O)N(C)[C@@H](C[C@H](C)C(Cl)(Cl)Cl)C(=O)N1C)C(Cl)(Cl)Cl
,Cc1c(C(=O)Nc2ccc(N3CCC(COc4cccc(C(=O)O)c4)CC3)nc2)oc2ccc(-c3ccccc3)cc12
 ,O[C@]12C=C(c3nccc4c3[nH]c3ccccc34)[C@@H]3CCN(CCCC/C=C\CC1)C[C@@]31C[C@@H]3/C=C\CCCCN3[C@H]12
,CC1CN(C(=O)Nc2ccccc2)c2ccc(-c3ccc([C@H]4CC[C@H](CC(=O)O)CC4)cc3)cc2O1
,C[C@@H](C[C@H]1C(=O)N(C)[C@@H](C[C@H](C)C(Cl)(Cl)Cl)C(=O)N1C)C(Cl)(Cl)Cl
,CCC[C@@H]1C[C@@H](NCc2ccccc2)C[C@@]2(O1)C(=O)Nc1ccccc12
,COc1ccc(C(O)C(C)Oc2ccc([C@H]3O[C@H](c4ccc(OC(C)C(O)c5ccc(OC)c(OC)c5)c(OC)c4)[C@H](C)[C@H]3C)cc2OC)cc1OC
,CCC[C@@H]1C[C@@H](NCc2ccccc2)C[C@@]2(O1)C(=O)N(Cc1ccccc1)c1ccccc12
 ,CC(C)c1cc(C(C)C)c(CC(=O)NS(=O)(=O)Oc2c(C(C)C)cccc2C(C)C)c(C(C)C)c1
,CCC[C@@H]1CC(=O)C[C@@]2(O1)C(=O)N(C)c1cccc(Br)c12
,CCCC(=O)N[C@H](C(=O)N1CCC[C@H]1C(=O)N(C)[C@@H](Cc1ccccc1)C(=O)N[C@@H](CC(C)C)C(=O)N(C)[C@H](C(=O)N(C)Cc1nccs1)C(C)C)C(C)C
,CCCC(=O)N(C)[C@H](C(=O)N1CCC[C@H]1C(=O)N(C)[C@@H](Cc1ccccc1)C(=O)N[C@@H](CC(C)C)C(=O)N(C)[C@H](C(=O)N(C)Cc1nccs1)C(C)C)C(C)C
,O=C(O)C[C@H]1CC[C@H](c2ccc(-c3ccc4c(c3)OCCN4C(=O)Nc3ccc(F)cc3C(F)(F)F)cc2)CC1
,O=C(O)C[C@H]1CC[C@H](c2ccc(-c3ccc4c(c3)OCCN4C(=O)Nc3ccccc3)cc2)CC1
,O=C(O)C[C@H]1CC[C@H](c2ccc(-c3ccc4c(c3)OCCN4C(=O)Nc3ccccc3)cc2)CC1
,CCCC(=O)N(C)[C@H](C(=O)N1CCC[C@H]1C(=O)N(C)[C@@H](Cc1ccccc1)C(=O)N[C@@H](CC(C)C)C(=O)N[C@H](C(=O)N(C)Cc1nccs1)C(C)C)C(C)C
,CC1(C)Oc2nc(C(F)(F)F)nc(N)c2N=C1c1ccc2c(c1)CC[C@]21CC[C@@H](CC(=O)O)CC1
,O=C(O)C[C@]1(CC(F)(F)F)CCc2cc(-c3cnc(NC(=O)Nc4ccc(F)c(F)c4)cn3)ccc2C1=O
,Cc1nc(C)c(-c2ccc([C@H]3CC[C@H](CC(=O)O)CC3)cc2)nc1C(N)=O
 ,CC(=O)OCCC(/C=C/C=C/C#CC#C/C=C/CO)OC(=O)C=C(C)C
,CCC[C@@H]1C[C@@H](NCc2ccccc2)C[C@@]2(O1)C(=O)Nc1cccc(Br)c12
,Cc1cc(C(=O)Nc2ccccc2)c2ccc(-c3ccc(OCC(C)(C)C(=O)O)[n+]([O-])c3)cc2n1
 ,CC1=CCC[C@H]2[C@](C)(Cc3cc(O)ccc3O)[C@@H](C)CC[C@]12C
,CC(=O)O[C@H]1CC[C@]2(C)[C@H]3[C@@H](O)c4c(cc(-c5cccnc5)oc4=O)O[C@]3(C)[C@@H](OC(=O)c3ccc(C#N)cc3)C[C@H]2[C@]1(C)C(=O)O
,CCC[C@H]1C/C(=N/OCc2ccccc2)C[C@]2(O1)C(=O)Nc1ccccc12
,C=C1CCC[C@H]2[C@](C)(Cc3cc(O)ccc3O)[C@@H](C)CC[C@]12C
,C=CC(C)(C)c1c(O)cc(O)c2c(=O)c3c(CC=C(C)C)c(OC)c(O)cc3oc12
,CCCC[C@H](C)[C@@H]1CC(=O)N[C@@H](Cc2ccccc2)C(=O)N[C@@H](C)C(=O)N[C@H](CC(C)C)C(=O)O1
,CCCC[C@H](C)[C@@H]1CC(=O)N[C@@H](Cc2ccccc2)C(=O)N[C@@H](C)C(=O)N[C@H]([C@@H](C)CC)C(=O)O1
,CCCC[C@H](C)[C@@H]1CC(=O)N[C@@H](Cc2ccccc2)C(=O)N[C@@H](C)C(=O)N[C@H]([C@@H](C)CC)C(=O)O1
,CC(C)=CCc1c(O)c(O)cc2c(=O)c3c(O)c4c(cc3oc12)OC(C)C4(C)C
,CC(C)=CCc1c(O)cc2c(c1O)C(=O)C[C@@H](c1cc3c(cc1O)OC(C)(C)C=C3)O2
,CC(C)=CC=C(OC(=O)CC(C)C)c1cc(O)c2c(O)ccc(O)c2c1O
,CCC[C@@H]1C[C@@H](N2CCCC2)C[C@@]2(O1)C(=O)Nc1ccccc12
,CCC[C@@H]1C[C@@H](NCc2ccccc2)C[C@@]2(O1)C(=O)N(C)c1ccccc12
,CCC(=O)OC(=CC=C(C)C)c1cc(O)c2c(O)ccc(O)c2c1O
,C=CC(C)(C)c1c(O)cc(O)c2c(=O)c3cc(O)c4c(c3oc12)C=CC(C)(C)O4
,CCCC(=O)N[C@H](C(=O)N1CCC[C@H]1C(=O)N(C)[C@@H](Cc1ccccc1)C(=O)N[C@@H](CC(C)C)C(=O)N(C)[C@H](C(=O)N(C)Cc1nccs1)C(C)C)C(C)C
,CCC[C@@H]1C[C@@H](NCc2ccccc2)C[C@@]2(O1)C(=O)N(C)c1cccc(Br)c12
 ,CC(=O)OCCC(/C=C/C=C/C#CC#C/C=C/CO)OC(=O)C=C(C)C
,COc1ccc(C(O)C(C)Oc2ccc([C@H]3O[C@H](c4ccc(OC(C)C(O)c5ccc(OC)c(OC)c5)c(OC)c4)[C@H](C)[C@H]3C)cc2OC)cc1OC
,O=C(O)c1cccc(OCC2CCN(c3ccc(NC(=O)c4cccc(Oc5ccccc5)c4)cn3)CC2)c1
,CC(C)=CCc1c(-c2ccc(O)cc2O)oc2cc3c(c(O)c2c1=O)C=CC(C)(C)O3
,CC(C)=CC(C)(C)c1c(C)cc(O)c2c(=O)c3cc(O)c(O)cc3oc12
,CC(C)(O)CCc1c(O)cc(O)c2c1O[C@H](c1cc3c(cc1O)OC(C)(C)C=C3)CC2=O
,CCCC(=O)OC(=CC=C(C)C)c1cc(O)c2c(O)ccc(O)c2c1O
00033001.cdx,CCCCCCCC(=O)CNc1cc(-c2ccccc2)nn1-c1ccccc1
,CC(C)=CC=C(OC(=O)c1ccccc1)c1cc(O)c2c(O)ccc(O)c2c1O
 ,CC(C)=CC=C(OC(=O)C(C)C)c1cc(O)c2c(O)ccc(O)c2c1O
,O=C(Nc1ccc(C2CCN(C(=O)[C@H]3CC[C@H](C(=O)O)CC3)CC2)cc1)c1nc(-c2ccccc2)oc1C(F)(F)F
,C=CCCC(=O)OC(=CC=C(C)C)c1cc(O)c2c(O)ccc(O)c2c1O
 ,C=CC(C)(C)c1c(O)cc2oc3c(CC=C(C)C)c(O)c(O)cc3c(=O)c2c1O
00034001.cdx,CCCCCCCCC(=O)CNc1cc(-c2ccccc2)nn1-c1ccccc1
,C=CC(C)(C)c1c(OC)cc(O)c2c(=O)c3c(CC=C(C)C)c(O)c(O)cc3oc12
,CC1(C)C=Cc2c(cc3oc(-c4ccc(O)cc4O)cc(=O)c3c2O)O1
,CCCCC(=O)OC(=CC=C(C)C)c1cc(O)c2c(O)ccc(O)c2c1O
,CC(C)=CCc1cc([C@@H]2CC(=O)c3c(cc(O)c(CC=C(C)C)c3O)O2)c(O)cc1O
,O=C(CCc1ccc(O)c(O)c1)N[C@@H](CC(=O)OCc1ccccc1)C(=O)OCc1ccccc1
00035001.cdx,CCCCCCCCCCNc1cc(-c2ccccc2)nn1-c1ccccc1
 ,C=C1CCC[C@]2(C)C[C@]3(O)OC(=O)C(C)=C3C[C@@H]12
,CCCCCCCN(CCCCCNc1cc(-c2ccccc2)cnn1)C(=O)Nc1ccc(F)cc1F
00023001.cdx,CSc1cc(C)nc(SC)c1NC(=O)CN1CCN(CCSc2nc3ccccc3[nH]2)CC1
00023001.cdx,CSc1cc(C)nc(SC)c1NC(=O)CN1CCN(CCSc2nc3ccccc3[nH]2)CC1
 ,C=CC(C)(C)c1c(O)c(CC=C(C)C)c2oc3cc(O)c(O)cc3c(=O)c2c1O
 ,CC(=O)OC(=CC=C(C)C)c1cc(O)c2c(O)ccc(O)c2c1O
,COc1ccc([C@@H]2O[C@H](c3ccc(O[C@H](C)Cc4ccc5c(c4)OCO5)cc3)[C@H](C)[C@@H]2C)cc1OC
,C=CC(C)(C)c1c(OC)cc(O)c2c(=O)c3ccc(O)c(O)c3oc12
 ,CC(C)C=CC(=O)c1cc(O)c2c(O)ccc(O)c2c1O
 ,CC(C)=CC=C(OC(=O)CC(C)(C)O)c1cc(O)c2c(O)ccc(O)c2c1O
 ,C=C1CCC[C@]2(C)C[C@]3(O)OC(=O)C(C)=C3C[C@@H]12
,CCCCCCCC(=O)Nc1ccccc1-c1ccccc1
,CCCCCCCC(=O)Nc1ccccc1-c1ccccc1
,CCCCCCCCC(=O)Nc1ccccc1-c1ccccc1
,CCCCCCCCC(=O)Nc1ccccc1-c1ccccc1
